datetime,tempmax,tempmin,temp,feelslikemax,feelslikemin,feelslike,dew,humidity,precip,precipprob,precipcover,windgust,windspeed,winddir,sealevelpressure,cloudcover,visibility,conditions
01-01-2019,75.3,51.8,62.5,75.3,51.8,62.5,50.4,67.4,0,0,0,17,9.2,344.7,1018.3,0,1.7,Clear
02-01-2019,78.8,53.6,65,78.8,53.6,65,51.6,64.3,0,0,0,13.6,9.2,330.6,1017.9,1.1,1.9,Clear
03-01-2019,77,51.8,64,77,51.8,64,50.8,66.2,0,0,0,15.4,6.9,323.8,1018.5,0,1.5,Clear
04-01-2019,75.4,51.8,62.9,75.4,51.8,62.9,49.5,64.9,0,0,0,17.4,9.2,3.5,1019,0,1.5,Clear
05-01-2019,77,50,63,77,49.4,63,50.6,66.2,0,0,0,18.1,11.4,348.4,1017.5,1.8,1.8,Clear
06-01-2019,78.8,53.6,65.3,78.8,53.6,65.3,51.7,64.4,0,0,0,15.4,8.1,344.8,1015.6,0,2.1,Clear
07-01-2019,80.6,53.6,66.4,80.1,53.6,66.3,53,66,0,0,0,15.7,9.2,333.7,1013.8,0,1.8,Clear
08-01-2019,77.1,57.1,65.8,77.1,57.1,65.8,53.6,67.1,0,0,0,19.5,9.2,337.5,1013.3,0,1.9,Clear
09-01-2019,75.5,55.4,65.1,75.5,55.4,65.1,53.5,68.5,0,0,0,14.1,6.9,344,1014.9,1,1.9,Clear
10-01-2019,75.4,53.6,64.4,75.4,53.6,64.4,52.5,67.9,0,0,0,14.3,8.1,4.9,1015.6,0,1.9,Clear
11-01-2019,75.4,51.8,63,75.4,51.8,63,49.5,65.2,0,0,0,18.3,10.3,343,1016.2,0,1.6,Clear
12-01-2019,77.1,53.6,64.1,77.1,53.6,64.1,52.5,68.7,0,0,0,18.8,9.2,345.2,1016,0,1.7,Clear
13-01-2019,78.8,51.8,65.4,78.8,51.8,65.4,53.1,67.6,0,0,0,16.3,8.1,340.4,1015.8,0,1.7,Clear
14-01-2019,78.8,55.4,66.5,78.8,55.4,66.5,55,68.9,0,0,0,13.6,5.8,312.7,1014.5,15.5,1.5,Clear
15-01-2019,75.3,57.2,65.3,75.3,57.2,65.3,51.6,64.5,0,0,0,21,10.3,350.6,1015.8,12.4,1.8,Clear
16-01-2019,75.2,50,62.5,75.2,47.8,62.4,46.2,58.8,0,0,0,18.8,11.4,340.1,1016.4,0,2.2,Clear
17-01-2019,77,50,62.9,77,50,62.9,48.8,63,0,0,0,13.2,6.9,317.3,1014.2,0,1.8,Clear
18-01-2019,77.8,53.6,65.2,77.8,53.6,65.2,52.9,67.3,0,0,0,15.2,6.9,333.4,1014.3,0,1.8,Clear
19-01-2019,77.1,55.4,64.6,77.1,55.4,64.6,51.4,65.6,0,0,0,15.9,8.1,323.2,1015.6,0,1.7,Clear
20-01-2019,77.1,51.8,64.4,77.1,51.8,64.4,53,69.3,0,0,0,14.1,8.1,331.7,1015.5,0,1.7,Clear
21-01-2019,80.6,53.6,65.5,80.3,53.6,65.5,53.6,68.9,0,0,0,14.1,5.8,341.5,1015.3,0,1.6,Clear
22-01-2019,82.4,53.6,67.3,82.1,53.6,67.3,55.5,69.4,0,0,0,9.8,5.8,348.2,1015.3,0,1.5,Clear
23-01-2019,84.2,57.1,68.9,83.1,57.1,68.7,55.7,67,0,0,0,11,5.8,100.5,1015.1,0,1.7,Clear
24-01-2019,86,59,70.3,85.5,59,70.2,57.8,67.5,0,0,0,12.3,6.9,44.5,1015.6,0,1.8,Clear
25-01-2019,84.2,57.2,70.1,83.5,57.2,70.1,57.6,67.5,0,0,0,16.1,9.2,22.8,1016.1,0,1.9,Clear
26-01-2019,84.2,60.8,71.2,83.5,60.8,71.1,58.6,66.8,0,0,0,17.9,10.3,352.4,1016.3,32.5,2.1,Partially cloudy
27-01-2019,79,64.4,71.5,79,64.4,71.5,59,66.2,0,0,0,18.8,12.8,338,1016.6,55.7,2.1,Partially cloudy
28-01-2019,73.7,62.6,68.3,73.7,62.6,68.3,59.4,73.4,0,0,0,18.1,9.2,342.2,1016.8,61.4,2,Partially cloudy
29-01-2019,74.1,59,66,74.1,59,66,50.4,59.6,0,0,0,21.3,13.9,334.5,1016.5,23.8,2.1,Partially cloudy
30-01-2019,73.8,51.8,63,73.8,51.8,63,44.7,53.9,0,0,0,19.5,10.3,358.2,1018.3,0,2.3,Clear
31-01-2019,77.4,51.8,64.8,77.4,51.8,64.8,51.1,63,0,0,0,15.9,10.3,353.1,1017.1,0,2.1,Clear
01-02-2019,82.4,53.6,67.2,81.5,53.6,67.1,53,63.5,0,0,0,12.3,5.8,331.7,1015.3,8.2,2,Clear
02-02-2019,82.4,53.6,67.9,81.5,53.6,67.7,53.4,63.9,0,0,0,13.4,8.1,337.4,1014.2,0,2,Clear
03-02-2019,82.6,53.6,69.7,81.2,53.6,69.4,51.7,57,0,0,0,16.8,10.3,353.7,1016.5,0,2,Clear
04-02-2019,84.2,59,69.8,82,59,69.4,51.8,56.3,0,0,0,16.1,8.1,334.9,1017.6,1,2.2,Clear
05-02-2019,80.9,57.2,68.4,80.4,57.2,68.4,51.9,57.9,0,0,0,19,11.4,335.5,1016,2.5,2.2,Clear
06-02-2019,84.2,55.4,68.8,82.5,55.4,68.5,53.1,61.4,0,0,0,14.3,6.9,331.5,1013.3,0,1.9,Clear
07-02-2019,84.6,59,72,84,59,71.9,57.9,63.6,0,0,0,10.3,6.9,107.7,1013.8,1.8,1.8,Clear
08-02-2019,86,62.6,74.5,86.1,62.6,74.7,61.6,66.2,0,0,0,10.5,12.8,31.6,1014,46.2,1.7,Partially cloudy
09-02-2019,79.1,64.4,71.2,79.1,64.4,71.2,61.7,72.6,0.026,100,8.33,21.7,12.8,10.4,1014.5,54.8,2,"Rain, Partially cloudy"
10-02-2019,76.9,59,67.5,76.9,59,67.5,52,61,0,0,0,22.4,13.9,341.6,1018.1,14,2.6,Clear
11-02-2019,78.3,55.4,66.6,78.3,55.4,66.6,50.6,58.8,0,0,0,20.1,12.8,343.8,1017.9,1.1,2.4,Clear
12-02-2019,80.6,57.2,68.5,79.8,57.2,68.3,51.3,57.8,0,0,0,19,11.4,344.1,1018.5,0.6,2.3,Clear
13-02-2019,82.5,59,70.1,81.3,59,69.9,52.5,56.4,0,0,0,14.8,10.3,343.8,1017.7,0,2.2,Clear
14-02-2019,86,59,72,85,59,71.7,55.4,58.6,0,0,0,13,6.9,337,1015.2,0,2.1,Clear
15-02-2019,87.8,60.8,74,87.8,60.8,73.9,58.9,62,0,0,0,11.9,10.3,342.5,1014.5,1.7,1.8,Clear
16-02-2019,82.4,66.2,72.1,82.9,66.2,72.2,60.5,68.3,0,0,0,19.7,11.4,289.3,1014,36.3,2.1,Partially cloudy
17-02-2019,84.2,64.4,73.2,83.5,64.4,73.2,59.8,65.1,0,0,0,22.4,9.2,304.5,1010.9,15.1,2.2,Clear
18-02-2019,80.9,57.2,70.1,80.3,57.2,70.1,54,59.1,0,0,0,18.3,9.2,1.7,1011,3.3,2.2,Clear
19-02-2019,89.6,59,74.4,88.3,59,74.3,60.1,64.6,0,0,0,14.8,9.2,221.8,1012.7,3.6,2,Clear
20-02-2019,91.4,69.8,78.3,90.7,69.8,78.5,63.2,62.8,0,0,0,17.9,8.1,253.7,1015.3,12.2,2,Clear
21-02-2019,91.4,68,78,90.7,68,77.8,60.4,58,0,0,0,13,6.9,337.1,1015.7,0,2,Clear
22-02-2019,95,68,80.6,98.5,68,82.6,68.5,69.6,0,0,0,13.6,6.9,219.4,1012,11.4,2.1,Clear
23-02-2019,93.2,74,82.3,97.7,74,84,66.9,61.2,0,0,0,18.1,12.8,316.5,1009.7,11.6,2.3,Clear
24-02-2019,89.6,68,78.9,87.8,68,78.4,59.5,54.5,0,0,0,16.8,9.2,5.1,1010,10.9,2.3,Clear
25-02-2019,77,60.8,68.6,77,60.8,68.6,63.6,84.5,0.681,100,12.5,24.6,25.3,253.7,1010.8,66,1.9,"Rain, Partially cloudy"
26-02-2019,76.5,66.2,68.9,76.5,66.2,68.9,66.2,91.6,1.13,100,20.83,27.1,16.1,130.1,1010.5,67.6,1.7,"Rain, Partially cloudy"
27-02-2019,80.7,62.6,70.1,84.6,62.6,70.7,65.8,87,1.486,100,16.67,26.4,13.9,166.1,1009.6,65.7,2.1,"Rain, Partially cloudy"
28-02-2019,73.5,66,69.3,73.5,66,69.3,65.7,88.6,1.422,100,12.5,18.3,11.4,12.4,1011.1,60.8,2,"Rain, Partially cloudy"
01-03-2019,77.5,62.6,69.1,77.5,62.6,69.1,56.4,67.3,0,0,0,18.3,11.4,0.1,1014.3,7.2,2.3,Clear
02-03-2019,80.6,57.2,68.7,80.1,57.2,68.6,53.6,62.5,0,0,0,13.6,8.1,360,1014,0,2.3,Clear
03-03-2019,82.4,59,71.9,82.1,59,71.9,57.3,62.7,0,0,0,12.1,6.9,278.7,1011.1,26.9,2.1,Partially cloudy
04-03-2019,83.7,69.8,75.8,89.5,69.8,77.3,69.9,82.3,0,0,0,19.7,11.4,170.6,1007.9,59.9,1.7,Partially cloudy
05-03-2019,82.4,69.8,76.4,88.3,69.8,77.7,70.7,83.3,0.385,100,12.5,14.1,9.2,64.5,1006.8,68.5,2,"Rain, Partially cloudy"
06-03-2019,84.6,68,76,86.3,68,76.7,68.8,80.1,0,0,0,13.4,8.1,18.3,1008.6,52.5,1.5,Partially cloudy
07-03-2019,82.8,68,74.3,82.2,68,74.3,60.6,65.2,0,0,0,19,13.9,2.4,1010.5,23.1,2,Partially cloudy
08-03-2019,86,64.4,75.1,84.5,64.4,74.6,57.2,57.5,0,0,0,12.3,8.1,323.6,1011.9,0,2.4,Clear
09-03-2019,88.7,66.2,77.4,85.9,66.2,76.7,57.3,53.9,0,0,0,12.3,8.1,223.1,1011.9,0,2.4,Clear
10-03-2019,87.8,68,78.6,97.8,68,81.7,71.5,79.9,0,0,0,25.5,15,182.8,1011.7,36.2,2.1,Partially cloudy
11-03-2019,90,75.2,82.5,100.2,75.2,87.6,74.2,77,0,0,0,16.6,8.1,149.5,1012.4,45.1,2,Partially cloudy
12-03-2019,95,75.2,83.7,101.4,75.2,87.6,72.6,72,0,0,0,14.8,8.1,231.7,1011.9,33.4,2.1,Partially cloudy
13-03-2019,95,77,84.5,110,77,90.6,74.8,74.7,0.016,100,8.33,15.4,12.8,240.9,1012.1,32.8,2.1,"Rain, Partially cloudy"
14-03-2019,95,74.7,85,97.3,74.7,88,70.8,66.9,0.032,100,4.17,28.9,17.2,342.8,1013.1,32.5,2,"Rain, Partially cloudy"
15-03-2019,93.2,73.4,80.9,98.2,73.4,83.4,70.6,73.1,0.129,100,4.17,20.4,15,325.2,1013.8,73.4,2.2,"Rain, Partially cloudy"
16-03-2019,91.4,73.3,80.6,94.3,73.3,81.6,66.3,64,0.006,100,8.33,14.5,11.4,250.5,1013.1,43.1,2.3,"Rain, Partially cloudy"
17-03-2019,93.2,66.2,80.5,102.8,66.2,83.4,69.8,72,1.131,100,4.17,32.2,17.2,149.1,1012.9,46.8,2,"Rain, Partially cloudy"
18-03-2019,87.8,68,76.5,90.3,68,77.2,66.4,72.9,0.04,100,4.17,21.3,9.2,262,1012.6,46.8,2.2,"Rain, Partially cloudy"
19-03-2019,91.4,73.4,81.1,95.6,73.4,82.9,69,68.7,0,0,0,17.9,9.2,232.8,1009.7,24.5,2.2,Partially cloudy
20-03-2019,91.4,75.2,82.2,102.6,75.2,86,73.2,75.7,0,0,0,14.1,11.4,206.4,1009.9,34.8,2,Partially cloudy
21-03-2019,95,76.5,84.3,101.4,76.5,87.8,71.7,68.3,0,0,0,15.9,11.4,198.9,1010.6,18,2.1,Clear
22-03-2019,95,73.4,82.4,105.2,73.4,86.2,73.4,76.7,0.614,100,4.17,19.5,15.9,219,1009.9,38.3,2.1,"Rain, Partially cloudy"
23-03-2019,95,73.4,82.7,92.7,73.4,82.8,64.9,60.3,0.003,100,4.17,17.4,9.2,298.5,1010,7.5,2.3,Rain
24-03-2019,93.2,73,82.1,89.3,73,80.7,55.5,44.9,0,0,0,12.3,8.1,299.2,1010.2,0.1,2.4,Clear
25-03-2019,96.8,69.8,83,95.2,69.8,83,61.6,53,0,0,0,12.8,6.9,266.6,1010,0,2.1,Clear
26-03-2019,95,75.2,82.5,103.2,75.2,84.9,67.2,62,0,0,0,21.3,19.7,296.3,1011.3,27.2,2.1,Partially cloudy
27-03-2019,90.9,69.8,80.5,92.8,69.8,81.9,64.3,58.7,0,0,0,11.6,9.2,209.2,1012.9,32.5,2.4,Partially cloudy
28-03-2019,92.2,75.2,83.4,100.5,75.2,88.7,72.7,71.1,0,0,0,13.4,8.1,190.6,1011.5,30.9,2.2,Partially cloudy
29-03-2019,93.2,77,84.2,100.9,77,89.7,74.5,74.5,0,0,0,22.8,15,193.6,1008.6,28.7,2.4,Partially cloudy
30-03-2019,93.2,78.3,84.7,105.1,78.3,92.5,76.2,77.2,0,0,0,17.7,11.4,188.7,1007.3,35.1,2.1,Partially cloudy
31-03-2019,93.2,80.4,85.5,113.5,87.1,98,79,81.7,0,0,0,23.5,17.2,188.3,1006.7,44.6,2.3,Partially cloudy
01-04-2019,89.4,73.4,82,98.1,73.4,87.8,73.7,76.5,0,0,0,24.4,18.3,132,1008.6,45.8,2.4,Partially cloudy
02-04-2019,93.2,78.7,85.1,110.4,78.7,95.2,77.8,79.7,0.004,100,4.17,25.9,13.9,181.2,1007.7,44.5,2.3,"Rain, Partially cloudy"
03-04-2019,95,77,85.3,110.9,77,94.8,77.2,78.3,0,0,0,17.9,16.1,165.3,1008.9,44.6,2.2,Partially cloudy
04-04-2019,91.4,78.8,84.6,107.8,78.8,94.5,77.6,80.1,0,0,0,22.1,16.1,179.6,1009.5,51,2.4,Partially cloudy
05-04-2019,91.4,77,83.8,110.9,77,93.1,76.4,78.9,0.259,100,4.17,18.3,28.9,176.3,1008.6,62,2.3,"Rain, Partially cloudy"
06-04-2019,93.2,68,80.7,103,68,84.5,69.9,71.8,0.816,100,8.33,16.6,21.9,215.4,1009.4,44.1,2.3,"Rain, Partially cloudy"
07-04-2019,89.8,68,78.9,96,68,81.8,69.8,74.9,0.01,100,4.17,23,12.8,167.6,1009.1,46.9,2.4,"Rain, Partially cloudy"
08-04-2019,89.6,77,83,94.9,77,85.9,69.5,64.9,0,0,0,24.2,123.3,200.9,1007.3,43.6,2.5,Partially cloudy
09-04-2019,91.4,66.2,80.7,107.8,66.2,85.4,71.8,75.7,0.517,100,4.17,28.9,17.2,185.3,1007.3,43.4,2.2,"Rain, Partially cloudy"
10-04-2019,88.8,70.4,80,100,70.4,85.3,73,80.1,0.259,100,8.33,22.6,16.1,176.8,1009.1,50.4,2.2,"Rain, Partially cloudy"
11-04-2019,93.2,78.8,84.7,110.4,78.8,94.1,78,81.4,0,0,0,16.8,13.9,167.8,1007.8,56,2.3,Partially cloudy
12-04-2019,94,78.8,85.5,117.1,78.8,96.9,78.7,81.1,0,0,0,15.2,10.3,159.3,1007.4,46.6,2.2,Partially cloudy
13-04-2019,96.8,77,85.2,119.7,77,93.8,75.5,74.5,0,0,0,19.9,13.9,145.3,1007.5,29,2.3,Partially cloudy
14-04-2019,95,75.2,85.8,116.1,75.2,97.1,77.8,78,0,0,0,17.2,13.9,178.6,1007.3,37.8,2.4,Partially cloudy
15-04-2019,98.6,80.6,87.7,122.3,88.1,103.6,80.4,80.2,0,0,0,18.8,16.1,180.4,1006.1,40.1,2.3,Partially cloudy
16-04-2019,98.1,73.4,87.1,131.1,73.4,102,79.2,78.8,0.006,100,4.17,14.1,17.2,140.7,1006.9,37.5,2.3,"Rain, Partially cloudy"
17-04-2019,96.8,75.2,84.9,109.8,75.2,90.4,72.5,68,0,0,0,26.4,9.2,8.1,1009.5,28.3,2.3,Partially cloudy
18-04-2019,95,76.5,85.2,98.5,76.5,87.5,68.1,58.8,0,0,0,12.8,11.4,342.9,1009.3,10.7,2.6,Clear
19-04-2019,93.2,78.8,84.6,96.4,78.8,87.6,68.2,59,0,0,0,18.8,11.4,276.3,1008,46.2,2.3,Partially cloudy
20-04-2019,98.6,75.2,86,100.6,75.2,88.4,66.3,54.5,0,0,0,17.9,10.3,249.4,1006.1,25.9,2.6,Partially cloudy
21-04-2019,98.6,71.6,85.4,112.1,71.6,91.9,72.5,67.8,0.097,100,4.17,28.9,17.2,216.2,1005.6,37.8,2.3,"Rain, Partially cloudy"
22-04-2019,92.1,71.6,82.2,98.7,71.6,85.9,70.4,69.8,0.034,100,4.17,10.7,9.2,135.6,1006.1,28.9,2.3,"Rain, Partially cloudy"
23-04-2019,98.6,77,87.6,105.9,77,93.3,72.8,65,0,0,0,13.6,9.2,167.5,1007.7,24.8,2.5,Partially cloudy
24-04-2019,96.8,78.8,88,112.4,78.8,96.9,75.2,67.9,0,0,0,15.9,10.3,172.6,1008.1,29.6,2.5,Partially cloudy
25-04-2019,96.8,82.2,88.4,116.1,88.3,99.9,76.6,69.6,0,0,0,16.8,13.9,192.5,1007.4,29.8,2.6,Partially cloudy
26-04-2019,96.8,75.2,86.6,118.6,75.2,99.3,78.4,77.7,0,0,0,34.4,23,189.8,1005.3,38,2.3,Partially cloudy
27-04-2019,98.6,82.4,89.7,126.4,94.1,108.3,81.1,77.4,0,0,0,23.3,16.1,190.3,1004.2,38.7,2.3,Partially cloudy
28-04-2019,100.4,84.2,90.6,135.2,97.6,111.6,81.8,76.4,0,0,0,23,18.3,187.1,1004,30.9,2.5,Partially cloudy
29-04-2019,98.6,84,89.6,131.1,95.8,108.2,80.8,76.2,0,0,0,27.3,18.3,193.8,1004.4,25.6,2.5,Partially cloudy
30-04-2019,98.6,82.4,88.9,114.8,92.4,101.3,77.2,69.8,0,0,0,30.9,18.3,193.2,1004.9,21.2,2.8,Partially cloudy
01-05-2019,96.8,82.4,89.2,116.1,92.4,104.4,79,73.1,0,0,0,28.6,19.7,187,1004.9,39.1,2.6,Partially cloudy
02-05-2019,95,82.4,87.7,116.1,90.9,102.5,79.2,76.4,0,0,0,25.1,15,163.1,1005.2,66.4,2.5,Partially cloudy
03-05-2019,86,75.2,80.8,107.9,75.2,86.8,77.6,90.2,0.815,100,16.67,46.5,16.1,102.8,1002.3,75.8,2.2,"Rain, Partially cloudy"
04-05-2019,83.8,75.2,78.6,91.3,75.2,80.6,74.9,88.9,1.746,100,12.5,51.2,19.7,275.4,1001,69.2,2,"Rain, Partially cloudy"
05-05-2019,96.8,75.2,85.4,116.1,75.2,95.8,77.4,78.7,0,0,0,18.1,13.9,193.3,1006.5,48.5,2.2,Partially cloudy
06-05-2019,104,82.4,90,117.2,92.4,103.5,77.7,71.9,0,0,0,17,15,207.8,1004.4,27.3,2.3,Partially cloudy
07-05-2019,102.2,80.6,89.6,125.9,87.1,105.2,79.4,74.3,0,0,0,21.7,12.8,195.3,1002.7,16.3,2.4,Clear
08-05-2019,104,79.3,90.5,127.2,79.3,108.7,81,76.3,1.874,100,4.17,18.1,13.9,193,1001.6,17.6,2.2,Rain
09-05-2019,102.2,82.4,90.8,136.1,94.1,113.3,82.8,79,0,0,0,21,15,188.3,1000.7,24.5,2.2,Partially cloudy
10-05-2019,100.4,84.2,90.5,136.1,98.3,113.3,82.8,79.2,0,0,0,20.4,18.3,184.4,1002.8,24.1,2.3,Partially cloudy
11-05-2019,98.6,85,90,133.6,99.2,111,82,78.2,0,0,0,23.3,17.2,191.2,1004.8,28.1,2.4,Partially cloudy
12-05-2019,96.8,85.9,89.8,122.3,103,109.6,81.6,77.8,0,0,0,20.6,17.2,190.2,1004.4,45.8,2.4,Partially cloudy
13-05-2019,96.8,69.8,88,122.3,69.8,105.5,80.4,79.4,0,0,0,27.7,16.1,179.2,1004,48.4,2.3,Partially cloudy
14-05-2019,95,69.8,83.4,119.7,69.8,92.2,75.5,78.1,0.652,100,12.5,20.6,13.9,169.5,1004.7,49.7,2.3,"Rain, Partially cloudy"
15-05-2019,96.8,75.2,86.3,119.7,75.2,98.8,77.6,76.4,0,0,0,25.7,15,171.7,1005.4,36.8,2.5,Partially cloudy
16-05-2019,97.4,78.8,88.5,118.6,78.8,103.1,79.1,75.2,0,0,0,17.7,15,177.9,1005.7,28.8,2.5,Partially cloudy
17-05-2019,98.6,82.4,89.8,127,94.1,110.3,82.1,79.5,0,0,0,21.9,15,182.8,1004.1,35.9,2.3,Partially cloudy
18-05-2019,98.6,84.2,90.3,133.6,100.7,113.9,83.3,81,0,0,0,19.5,15,181.7,1003.8,39.3,2.4,Partially cloudy
19-05-2019,98.6,84.2,89.4,133.6,92.5,109.5,81.3,78.1,0,0,0,17.4,13.9,179.1,1005.5,44.2,2.3,Partially cloudy
20-05-2019,97.2,84.2,90,122.3,97.8,109.4,81.3,76.8,0,0,0,18.1,16.1,183.8,1006.4,46.7,2.2,Partially cloudy
21-05-2019,98.6,82.4,89.7,124.8,96.1,109.8,81.8,78.8,0,0,0,19.7,12.8,190.9,1005.6,40,2.3,Partially cloudy
22-05-2019,97,84.6,89.7,126.4,94.5,109.9,81.6,77.7,0,0,0,24.2,17.2,184.6,1004.3,45.5,2.4,Partially cloudy
23-05-2019,95,77,87.2,116.1,77,100.9,78.4,75.8,0,0,0,25.9,17.2,169.7,1004.8,50.8,2.5,Partially cloudy
24-05-2019,98.6,83.7,89.8,124.8,89.5,107.4,79.7,72.7,0,0,0,25.7,16.1,193.2,1003,46.6,2.5,Partially cloudy
25-05-2019,91.4,71.6,83.7,114.4,71.6,95.1,77.4,81.7,0.392,100,12.5,25.3,26.4,182.7,1001.7,62,2.2,"Rain, Partially cloudy"
26-05-2019,96.8,75.2,87,128.8,75.2,103.2,80.4,81.8,0,0,0,22.4,13.9,184.1,1002.6,46.5,2.5,Partially cloudy
27-05-2019,98.6,84.2,90,129,100.7,111.5,82.4,79.5,0,0,0,23,16.1,188.8,1002.5,32.3,2.4,Partially cloudy
28-05-2019,98.6,80.6,89.3,124.8,86.2,107.5,80.8,77,0,0,0,22.6,13.9,180.2,1002.6,35.9,2.4,Partially cloudy
29-05-2019,98.6,82.4,89.8,126.1,94.1,109.6,81.7,78.4,0,0,0,23.5,13.9,172.8,1001.8,25.3,2.3,Partially cloudy
30-05-2019,96.8,82.4,88.6,123.6,92.4,107.2,81.3,80,0,0,0,24.8,17.2,174.3,1001.8,39.2,2.4,Partially cloudy
31-05-2019,96.8,77,87.7,118.6,77,103.2,79.7,78.1,0.032,100,4.17,31.1,16.1,181.2,1002.8,53.2,2.4,"Rain, Partially cloudy"
01-06-2019,98.6,78.8,88.6,121.1,78.8,104.2,79.6,75.9,0,0,0,25.7,13.9,183.8,1002.9,44.5,2.4,Partially cloudy
02-06-2019,95,73.4,84,116.9,73.4,95.1,78.6,84.6,0.013,100,8.33,23.9,18.3,163.2,1003.6,56.3,2.2,"Rain, Partially cloudy"
03-06-2019,95,77,85.7,111.2,77,94.4,76.3,74.8,0.092,100,4.17,23.7,11.4,183.2,1003.2,48.1,2.5,"Rain, Partially cloudy"
04-06-2019,95,81.9,87.5,114.5,89.5,102.6,79.3,77.3,0,0,0,23.5,13.9,192.3,1002.7,51.5,2.5,Partially cloudy
05-06-2019,89.6,77,83,111.4,77,93.4,78.9,87.8,0.324,100,8.33,20.1,13.9,165.5,1001.7,74.1,2.2,"Rain, Partially cloudy"
06-06-2019,91.4,77,83.5,111.4,77,94.1,78.9,86.4,0.008,100,4.17,18.8,9.2,100.7,1002.6,63.5,2.3,"Rain, Partially cloudy"
07-06-2019,87.8,78.8,83.4,105.1,78.8,94.3,78.9,86.8,0,0,0,16.8,9.2,110.9,1003.7,57.8,2.4,Partially cloudy
08-06-2019,95,78.8,86.2,113.5,78.8,99.3,79.3,80.9,0.002,100,4.17,15,9.2,100.8,1002.6,51.1,2.6,"Rain, Partially cloudy"
09-06-2019,96.8,82.4,89.2,119.4,92.4,107.5,81.1,78.5,0,0,0,16.3,11.4,185.2,1000.7,52.5,2.4,Partially cloudy
10-06-2019,98.6,82.4,89.9,129,94.1,110.9,82.3,79.5,0,0,0,20.6,13.9,173.5,999.7,47.4,2.3,Partially cloudy
11-06-2019,98.6,84.2,90.1,124.8,100.7,109.5,81.3,76.7,0,0,0,23.9,13.9,165.6,999.4,43.2,2.4,Partially cloudy
12-06-2019,97.2,76.6,89.3,131.1,76.6,109.9,81.9,79.6,0,0,0,28.9,17.2,138.5,999.7,51.2,2.4,Partially cloudy
13-06-2019,96,75.2,86.5,117.4,75.2,99.5,78.8,79.4,0.684,100,8.33,15.4,9.2,143.3,998.8,40.7,2.3,"Rain, Partially cloudy"
14-06-2019,102.2,82.2,91.4,131.9,89.9,113,82,75.7,0.355,100,4.17,14.1,9.2,171.8,997.5,42.4,2.2,"Rain, Partially cloudy"
15-06-2019,91.4,82.4,86.7,115.2,90.9,103.8,80.9,83.2,0.008,100,4.17,23.7,17.2,181.9,998.1,70.5,2.3,"Rain, Partially cloudy"
16-06-2019,102.2,82.4,90,125.9,92.4,107.8,80.5,75.1,0,0,0,22.8,17.2,186.6,998.1,24.5,2.6,Partially cloudy
17-06-2019,98.6,82.4,89.9,121.1,92.4,109.5,81.3,76.8,0,0,0,17.7,11.4,191.8,998.3,47,2.4,Partially cloudy
18-06-2019,95.6,80.6,87.4,123.2,88.1,106.6,82.2,85.3,0.448,100,4.17,19.7,17.2,146.7,999,55.7,2.2,"Rain, Partially cloudy"
19-06-2019,98.8,78.8,88.3,138.8,78.8,107.8,81.9,82.4,0.452,100,4.17,15.2,9.3,127.1,999.2,57.6,2.3,"Rain, Partially cloudy"
20-06-2019,96.8,81.9,88.1,126.4,90.9,107.2,81.5,81.5,0.006,100,4.17,21.3,9.2,137.4,1000.5,55.9,2.4,"Rain, Partially cloudy"
21-06-2019,89.6,80.6,84.6,111.4,88.1,99.5,81.1,89.5,0.13,100,16.67,16.3,12.8,90.3,1000.1,63.7,2.3,"Rain, Partially cloudy"
22-06-2019,95,80.6,86.3,114.4,88.1,100.8,79.9,81.9,0.195,100,8.33,27.1,17.2,170.3,1001.7,45.4,2.3,"Rain, Partially cloudy"
23-06-2019,96.8,80.6,87.3,116.1,88.1,102.7,80,80,0.384,100,8.33,21.9,16.1,164.9,1003,36.5,2.6,"Rain, Partially cloudy"
24-06-2019,95.4,80.6,87.9,119.7,88.1,105.5,81,80.6,0,0,0,20.1,12.8,187.6,1003.9,44.9,2.4,Partially cloudy
25-06-2019,98.6,84.2,89.7,121.1,96.1,107.5,80.4,75,0,0,0,22.1,17.2,202.4,1003.6,43.8,2.5,Partially cloudy
26-06-2019,96.8,84.2,89.5,118.7,98.8,106.1,79.8,74.6,0,0,0,26.8,18.3,200.6,1001.7,43.7,2.8,Partially cloudy
27-06-2019,95,83.7,89.2,119.7,95.5,107.4,80.7,76.8,0,0,0,23.3,15,199.3,999.4,62.6,2.5,Partially cloudy
28-06-2019,89.8,84.2,86.9,108.3,96.1,102.5,79.9,80.1,0.01,100,4.17,18.6,11.4,196.2,998,66,2.4,"Rain, Partially cloudy"
29-06-2019,95.2,77,85.5,119.7,77,98.4,79.7,84,0.04,100,4.17,21.9,11.4,124.1,997.5,71.1,2.1,"Rain, Partially cloudy"
30-06-2019,95,78.8,84.2,116.1,78.8,95.3,79.4,86.2,0.096,100,4.17,16.3,8.1,86.3,997.4,52.9,2.1,"Rain, Partially cloudy"
01-07-2019,89.6,80.6,83.6,111.4,87.1,95.6,79.7,88.4,0.583,100,12.5,25.5,11.4,70.9,995.6,56.8,2.3,"Rain, Partially cloudy"
02-07-2019,89.6,80.6,82.8,115.2,87.1,94,79.5,90,0.835,100,8.33,29.1,10.3,115.6,996.6,67.7,2.2,"Rain, Partially cloudy"
03-07-2019,91.4,78.8,84.6,110.9,78.8,97.4,80,86.6,0.038,100,8.33,19,11.4,167.6,998.5,61.9,2.5,"Rain, Partially cloudy"
04-07-2019,95,80.6,87.9,116.1,88.1,103.6,80.1,78.8,0,0,0,14.8,9.2,179.5,997.7,56.8,2.4,Partially cloudy
05-07-2019,90.6,80.6,84.8,111.4,88.1,99.3,80.5,87.2,0.008,100,8.33,20.4,10.3,93,994.9,62.6,2.2,"Rain, Partially cloudy"
06-07-2019,87.9,80.6,83.6,107.9,87.1,96.6,80.2,89.9,0.011,100,8.33,16.3,13.9,190.1,993.3,68.8,2,"Rain, Partially cloudy"
07-07-2019,89.6,80.6,84.6,108.1,87.1,96.8,78.9,83.4,0,0,0,22.8,13.9,211.1,995.8,69.8,2.3,Partially cloudy
08-07-2019,95,83.5,87.1,116.1,93.6,103.4,80.5,81.3,0.029,100,4.17,25.9,16.1,196.8,998.1,72.3,2.2,"Rain, Partially cloudy"
09-07-2019,95,84.2,87.8,117.1,98.3,105.1,80.8,80.4,0,0,0,27.1,19.7,201.2,998.5,64.2,2.4,Partially cloudy
10-07-2019,93.2,78.8,86.2,117.1,78.8,101.5,80.3,83.1,0.032,100,4.17,24.8,13.9,205.7,998.8,65.3,2.4,"Rain, Partially cloudy"
11-07-2019,89.6,82.4,85.9,108.3,92.4,101.7,80.7,84.9,0,0,0,27.3,17.2,202.7,1001,74.8,2.3,Partially cloudy
12-07-2019,92.4,82.4,86.6,111.1,92.4,102.4,80.5,82.6,0,0,0,23.3,15,201.8,1002.4,68.3,2.4,Partially cloudy
13-07-2019,96.8,82.4,88.8,119.7,94.1,107.1,81.1,79,0,0,0,24.4,13.9,210.8,1001.7,60.4,2.3,Partially cloudy
14-07-2019,98.6,84.2,90.3,124.8,96,108.9,80.7,74.5,0,0,0,25.1,13.9,214.9,999.9,55.8,2.3,Partially cloudy
15-07-2019,100.4,84.2,90.5,120.4,98.3,108,80,72.5,0,0,0,17.4,10.3,210.3,999.2,50.4,2.2,Partially cloudy
16-07-2019,98.6,81.3,86.2,122.3,89.2,101.4,80.2,83,1.715,100,8.33,14.1,11.4,185.6,1000.8,54.8,2.2,"Rain, Partially cloudy"
17-07-2019,96.9,80.4,88.9,126.4,87.1,104.9,79.7,75.3,0,0,0,12.3,11.4,133.9,1000.6,38,2.2,Partially cloudy
18-07-2019,95.8,83.8,89.2,119.7,96.1,106.9,80.4,76.2,0,0,0,15.7,10.3,136.5,1000.7,40.8,2.4,Partially cloudy
19-07-2019,96.8,80.6,88.4,115.3,88.1,102.1,78.4,73.6,0,0,0,19.2,12.8,139.1,1001.5,41.4,3,Partially cloudy
20-07-2019,96.8,80.6,88.3,116.1,88.1,103.9,79.8,77.2,0,0,0,19.9,13.9,169.2,1003,41.4,2.6,Partially cloudy
21-07-2019,96.8,82.4,88.9,118.6,94.1,104.9,79.8,75.9,0.223,100,4.17,20.6,15,195.5,1003.1,46.8,2.5,"Rain, Partially cloudy"
22-07-2019,96.8,82.4,88.5,118.6,92.4,104.8,79.9,76.4,0.014,100,4.17,23,16.1,198,1002.5,49.9,2.5,"Rain, Partially cloudy"
23-07-2019,96.8,82.4,88.6,118.6,92.4,103.9,79.4,75.3,0.001,100,4.17,21.5,17.2,193,1001.8,48.4,2.6,"Rain, Partially cloudy"
24-07-2019,96.2,80.6,87.2,116.1,87.1,101.4,79.5,79.6,0,0,0,20.6,11.4,195.2,1001.3,62.6,2.6,Partially cloudy
25-07-2019,93.2,80.6,85.7,111.8,87.1,98.8,79.2,81.5,0.001,100,4.17,16.8,10.3,170.9,1000.9,70.2,2.3,"Rain, Partially cloudy"
26-07-2019,87.8,78.8,82.8,105.1,78.8,93.3,79.7,90.8,0.334,100,8.33,11.9,9.2,104.9,998.6,76.5,2.2,"Rain, Partially cloudy"
27-07-2019,89.6,78.8,83.4,108.1,78.8,92.9,79,87.2,0.138,100,16.67,16.1,10.3,128.5,998.1,68.1,2.5,"Rain, Partially cloudy"
28-07-2019,89.9,78.8,82.8,108.1,78.8,92.5,79.1,89.1,0.384,100,8.33,28.4,13.9,106,998.7,57.6,2.4,"Rain, Partially cloudy"
29-07-2019,84.2,78.8,81,98.3,78.8,87.7,78.5,92.3,0.937,100,16.67,35.1,17.2,133.7,1000.2,69.1,2.1,"Rain, Partially cloudy"
30-07-2019,90.9,78.8,83.6,111.4,78.8,94.6,79.4,87.6,0.173,100,12.5,27.5,13.9,173.9,1002.1,62.4,2.3,"Rain, Partially cloudy"
31-07-2019,89.6,80.6,84.4,108.1,87.1,96.6,79.4,85.6,0.068,100,8.33,20.8,10.3,178.3,1000.9,63.7,2.5,"Rain, Partially cloudy"
01-08-2019,91.4,80.6,85.3,110.9,88.1,97.8,79,82.3,0,0,0,17.7,11.4,155.1,999.7,46.8,2.3,Partially cloudy
02-08-2019,93.2,80.6,85,117.1,88.1,98.5,80,85.5,0.13,100,8.33,19.5,11.4,121.2,998.4,51.2,2.5,"Rain, Partially cloudy"
03-08-2019,91.4,80.6,84.8,110.9,87.1,98.6,80,86,0.005,100,12.5,14.5,8.1,121.3,997.5,61.7,2.4,"Rain, Partially cloudy"
04-08-2019,91.4,80.6,84.5,115.8,89.3,98.8,80.7,88.5,0.479,100,8.33,15.4,6.9,254.6,996.5,62.8,2.2,"Rain, Partially cloudy"
05-08-2019,96.8,82,87.6,118.6,92.9,105,81.3,82.7,0,0,0,17,9.2,38.9,994.5,62.3,2.2,Partially cloudy
06-08-2019,91.4,78.8,83.5,114.4,78.8,95.9,80.2,90.2,0.054,100,12.5,23.9,15,84.2,992.7,72.5,2.2,"Rain, Partially cloudy"
07-08-2019,86,78.8,81,104.7,78.8,87.9,78.8,93.2,1.166,100,25,37.6,16.1,100.6,990.9,77.6,1.9,"Rain, Partially cloudy"
08-08-2019,83.9,78.8,80.4,96.6,78.8,85,78.5,94,1.851,100,20.83,25.7,12.8,160.4,995.2,74.9,2,"Rain, Partially cloudy"
09-08-2019,91.4,78.8,85.1,114.4,78.8,98.2,79.8,84.7,0,0,0,16.1,10.3,155.6,1000,55.7,2.2,Partially cloudy
10-08-2019,95,80.6,86.2,119.7,88.1,102.4,81.1,85.4,0.319,100,4.17,13.4,6.9,219.1,999.4,56.4,2.1,"Rain, Partially cloudy"
11-08-2019,96.8,80.6,87.3,123.9,88.1,104.5,81,82.4,0.014,100,4.17,15.4,9.2,347.7,998,60.1,2.1,"Rain, Partially cloudy"
12-08-2019,88.4,80.6,83.4,108.3,87.1,95.8,80,89.8,0.32,100,8.33,16.6,8.1,27.5,996.9,75.1,2.2,"Rain, Partially cloudy"
13-08-2019,84.5,78.8,80.9,98.4,78.8,87.4,78.6,92.8,0.959,100,12.5,25.1,11.4,132.5,998.4,79.7,2.1,"Rain, Partially cloudy"
14-08-2019,88.8,78.8,83.2,108.3,78.8,95.2,80,90.1,1.395,100,12.5,26.6,13.9,166,1002.5,73.4,2.1,"Rain, Partially cloudy"
15-08-2019,85,77,81,102.6,77,89.2,79.3,94.5,0.761,100,12.5,20.1,13.9,178.7,1004.3,75.5,2,"Rain, Partially cloudy"
16-08-2019,91,75.2,82.9,115.9,75.2,94.6,80.2,92,3.292,100,8.33,17.9,9.2,178,1003,79.4,1.9,"Rain, Partially cloudy"
17-08-2019,79.6,75.2,78.1,79.6,75.2,78.1,76.9,96.2,2.881,100,20.83,23,9.2,235.7,1002.8,75.4,1.6,"Rain, Partially cloudy"
18-08-2019,84.4,77,80.3,98.3,77,84.7,77.9,92.7,0.423,100,16.67,33.3,12.8,164.7,1003.3,73.3,2,"Rain, Partially cloudy"
19-08-2019,92,78.8,85,111.8,78.8,96.4,79,83.2,0.008,100,4.17,23.7,16.1,176.1,1004.4,47.9,2.4,"Rain, Partially cloudy"
20-08-2019,91.4,80.6,84,114.4,88.1,97.6,80.5,89.4,0.022,100,4.17,17.9,10.3,164.5,1003.3,60.6,2.2,"Rain, Partially cloudy"
21-08-2019,94.3,78.8,86.6,121.2,78.8,102.9,80.9,83.7,0,0,0,16.3,10.3,139.6,1001.8,50.9,2.2,Partially cloudy
22-08-2019,95,77,85.2,119.7,77,98.1,79.8,84.7,1.233,100,8.33,17.9,10.3,132.6,1001.4,59,2.1,"Rain, Partially cloudy"
23-08-2019,89.8,77,83.8,111.4,77,94.8,79.5,87.3,0.011,100,4.17,17,15,139.8,1001.8,64.5,2.2,"Rain, Partially cloudy"
24-08-2019,84.3,78.8,81.4,98.4,78.8,89.7,79.2,92.9,0.481,100,12.5,14.3,6.9,107,1002,69,2.2,"Rain, Partially cloudy"
25-08-2019,86,77,81.1,104.7,77,88.5,78.7,92.5,0.577,100,8.33,24.8,10.3,73.8,1001.5,73.1,2,"Rain, Partially cloudy"
26-08-2019,89.6,78.8,81.8,108.1,78.8,90,78.8,90.8,0.067,100,12.5,21.9,12.8,112.9,1001.1,60.9,2.1,"Rain, Partially cloudy"
27-08-2019,91.4,78.8,83.5,114.4,78.8,94.7,79.4,87.9,0.016,100,4.17,19,11.4,122.1,1000.9,61.4,2.2,"Rain, Partially cloudy"
28-08-2019,91.4,78.8,84.6,115.8,78.8,98.1,80.3,87.6,0.425,100,8.33,19.5,10.3,105.8,1002.3,58.6,2.1,"Rain, Partially cloudy"
29-08-2019,91.4,78.8,83.5,114.4,78.8,95.9,80.2,90.1,0.639,100,4.17,15.7,9.2,103.3,1003.1,57,2.2,"Rain, Partially cloudy"
30-08-2019,95,78.8,86.2,119.7,78.8,100.7,80.1,83.1,0.01,100,4.17,15.9,8.1,135.3,1001.3,44.3,2.3,"Rain, Partially cloudy"
31-08-2019,93.2,80.6,86.8,117.1,88.1,102,80,80.9,0,0,0,13.6,9.2,130.8,1000.3,51.7,2.3,Partially cloudy
01-09-2019,93.2,78.8,85.2,117.1,78.8,98.6,80.2,85.8,0.709,100,12.5,11.9,9.2,25,1000.8,72.3,2.2,"Rain, Partially cloudy"
02-09-2019,93.2,78.8,84.2,117.1,78.8,95.8,79.7,87.1,0.581,100,8.33,13.9,17.2,114.4,1000.1,61.1,2.3,"Rain, Partially cloudy"
03-09-2019,87.9,78.8,82.7,111.8,78.8,92.9,79.7,90.9,0.873,100,8.33,17.7,10.3,90.9,999.3,68.9,2.2,"Rain, Partially cloudy"
04-09-2019,89.6,80.6,84.3,115.2,87.1,98.5,80.5,88.4,0.032,100,4.17,21,11.4,100.9,998.9,62.1,2.3,"Rain, Partially cloudy"
05-09-2019,91.4,80.6,84.4,111.4,87.1,97.9,80.2,87.5,0.099,100,8.33,24.2,12.8,89.4,998.9,59,2.5,"Rain, Partially cloudy"
06-09-2019,91.4,80.6,84.8,114.4,88.1,98.4,79.9,85.6,0.48,100,12.5,23.7,12.8,99,997.9,55.6,2.3,"Rain, Partially cloudy"
07-09-2019,87.8,80.6,82.3,105.1,88.1,93,79.9,92.5,0.456,100,16.67,26.6,12.8,109.1,998.7,72.1,2,"Rain, Partially cloudy"
08-09-2019,86.2,78.8,81.7,104.5,78.8,91.2,79.8,94,0.302,100,20.83,22.8,9.2,145.4,1000.8,68.7,2.1,"Rain, Partially cloudy"
09-09-2019,92.2,80.3,85.3,114.4,87.4,100,80.6,86.6,0.485,100,8.33,21.3,13.9,185.3,1000.8,60.2,2.3,"Rain, Partially cloudy"
10-09-2019,91.1,80.6,84.8,111.7,89.3,99.7,81,88.9,0,0,0,19,8.1,185.2,1001.2,66.1,2,Partially cloudy
11-09-2019,86.1,79.1,83.1,107.9,79.1,96.1,80.9,93.1,1.336,100,8.33,12.8,8.1,174.1,1002.1,72.2,2,"Rain, Partially cloudy"
12-09-2019,84.2,77,80.9,98.3,77,87.8,78.5,92.4,0.54,100,16.67,23,13.9,187,1004.4,73.5,1.9,"Rain, Partially cloudy"
13-09-2019,89.6,80.6,83.3,111.4,88.1,95.4,80,90,0.003,100,4.17,24.2,15,182,1006.2,66,2.2,"Rain, Partially cloudy"
14-09-2019,93.2,78.8,85.3,111.4,78.8,98.9,80,84.7,0.006,100,4.17,19.2,13.9,181.6,1005.9,56,2.2,"Rain, Partially cloudy"
15-09-2019,93.2,80.6,86.7,117.1,89.3,102.3,80.5,82.5,0,0,0,14.8,9.2,191.2,1005.3,48.6,2.4,Partially cloudy
16-09-2019,93.2,80.6,86.3,117.1,88.1,101.7,80.4,83.5,0,0,0,19.5,12.8,169.7,1004.4,54.3,2.2,Partially cloudy
17-09-2019,95,80.6,86.4,113.5,87.1,99.4,78.9,79.6,0,0,0,18.3,9.2,145.1,1006,44.3,2.6,Partially cloudy
18-09-2019,93.2,78.8,84.6,113.2,78.8,96.6,79.3,84.9,0.064,100,4.17,22.8,11.4,112,1008.6,56,2.3,"Rain, Partially cloudy"
19-09-2019,93.2,80.6,86.3,117.1,88.1,100.6,79.9,82.2,0.042,100,4.17,17.4,9.2,138.9,1009,45.7,2.4,"Rain, Partially cloudy"
20-09-2019,95,81.6,86.2,117.1,91.1,101.6,80.5,83.9,0.99,100,8.33,14.1,13.9,214.6,1008,54,2.3,"Rain, Partially cloudy"
21-09-2019,93.1,76.9,82.4,108.1,76.9,89.2,78.1,87.8,0.35,100,4.17,12.5,11.4,115.2,1007.5,50.5,2.2,"Rain, Partially cloudy"
22-09-2019,91.4,77,83.1,114.4,77,92,78.6,87.1,0.032,100,4.17,16.3,10.3,124.9,1008.7,62.8,2.2,"Rain, Partially cloudy"
23-09-2019,89.6,80.6,83.6,111.4,88.1,95.7,79.8,88.8,0.098,100,8.33,23.3,11.4,105,1009.8,63.6,2.3,"Rain, Partially cloudy"
24-09-2019,86,75.2,79,101.9,75.2,82.8,77.1,93.8,2.46,100,25,26.2,12.8,126.9,1010.9,77.8,2.1,"Rain, Partially cloudy"
25-09-2019,79.2,75.2,77.2,79.2,75.2,77.2,75.7,95.2,0.823,100,16.67,20.8,6.9,112.3,1013.6,74.6,2,"Rain, Partially cloudy"
26-09-2019,86,73.4,78.6,101.9,73.4,82.2,76.1,92,0.295,100,16.67,12.5,7.2,113.1,1015,74.3,1.8,"Rain, Partially cloudy"
27-09-2019,85.3,75.2,79.9,98.3,75.2,85.4,77,91.2,0.129,100,16.67,13.9,6.9,176.9,1014.2,73.3,2,"Rain, Partially cloudy"
28-09-2019,84.2,75.2,78.3,98.3,75.2,80.8,76.2,93.3,0.194,100,8.33,11,16.1,131.2,1012.7,76.6,2,"Rain, Partially cloudy"
29-09-2019,82.6,73.4,77.7,92.4,73.4,79.7,75.5,93,1.235,100,12.5,15.4,6.9,126.2,1012.8,67.6,2.1,"Rain, Partially cloudy"
30-09-2019,88.6,75.2,80.7,105.1,75.2,85.7,76.5,87.8,0.122,100,8.33,21,10.3,203.4,1009.2,67.6,2.2,"Rain, Partially cloudy"
01-10-2019,91.4,77,83.9,110.9,77,93.7,78.2,83.5,0,0,0,19,9.2,282.3,1007.8,56.6,2.2,Partially cloudy
02-10-2019,93.2,78.8,85.4,114.4,78.8,97.4,79.1,82.4,0,0,0,18.8,8.1,309.3,1008.7,46.9,2,Partially cloudy
03-10-2019,91.4,75.2,82.9,108.1,75.2,92.1,78.3,86.6,0.21,100,12.5,15.7,12.8,178.9,1008.6,63.5,2,"Rain, Partially cloudy"
04-10-2019,91.7,78.8,84.4,110.9,78.8,95.2,79,84.5,0.017,100,8.33,15,11.4,181.5,1008.3,54.6,2.1,"Rain, Partially cloudy"
05-10-2019,91.4,78.8,82.5,111.8,78.8,91.5,79.2,90.1,0.266,100,8.33,11,12.8,152.5,1008.1,55.5,1.9,"Rain, Partially cloudy"
06-10-2019,93.2,78.8,83.7,114.4,78.8,94.2,79.3,87,0.022,100,4.17,10.5,10.3,177.9,1009.2,63,1.9,"Rain, Partially cloudy"
07-10-2019,85.3,77,80.1,95.7,77,84,76.9,90.1,0,0,0,11.2,10.3,79.9,1010,66.9,2,Partially cloudy
08-10-2019,87.8,75.2,81.6,105.1,75.2,87.9,76.7,85.7,0,0,0,19.5,10.3,124,1010.4,57.8,2.1,Partially cloudy
09-10-2019,81.4,73.4,76.3,88.6,73.4,77.2,74.7,94.8,2.069,100,16.67,17.2,8.1,63.6,1010.2,74.9,2,"Rain, Partially cloudy"
10-10-2019,86.1,75.2,79.4,99.4,75.2,83,75.8,89.1,0.181,100,8.33,9.4,8.1,358.3,1009.2,63.1,2.3,"Rain, Partially cloudy"
11-10-2019,89.2,75.2,81.4,102.4,75.2,87.1,76.4,85.6,0,0,0,12.8,9.2,19,1009.6,33.9,2.4,Partially cloudy
12-10-2019,90,75.2,82.8,105.1,75.2,90.1,76.4,82.1,0,0,0,12.8,6.9,34,1010.4,30.9,2.2,Partially cloudy
13-10-2019,89.6,77,82.4,105.2,77,89.1,77.1,84.6,0.016,100,4.17,13.2,6.9,2,1010.9,34,1.9,"Rain, Partially cloudy"
14-10-2019,89.6,75.2,81.9,100.2,75.2,86,74,78.5,0,0,0,14.1,46.1,7.5,1011.7,24.6,1.9,Partially cloudy
15-10-2019,91.4,75.2,82.6,100.5,75.2,86.8,73.9,77,0,0,0,13.2,6.9,11.4,1012,21.4,2.1,Partially cloudy
16-10-2019,89.6,75.2,81.3,102.6,75.2,86,75.9,84.6,0,0,0,13,9.2,104.9,1012.5,36.5,1.9,Partially cloudy
17-10-2019,89.6,77,80.9,111.4,77,86.3,77.2,88.9,0.161,100,8.33,10.3,5.8,357.9,1012.4,42.5,2,"Rain, Partially cloudy"
18-10-2019,91.4,75.2,83.8,110.9,75.2,93.1,77.6,82.4,0,0,0,11,5.8,56,1012.2,35.3,1.9,Partially cloudy
19-10-2019,93.2,77,84.6,113.5,77,93.8,77.7,81.2,0,0,0,12.1,6.9,52.9,1012.8,31.5,2.1,Partially cloudy
20-10-2019,91.4,77,84.1,107.8,77,92.7,76.9,80,0,0,0,12.8,6.9,31.7,1012.1,30.3,2,Partially cloudy
21-10-2019,89.7,77,83.1,108.1,77,91.2,77.4,83.6,0,0,0,13.2,8.1,348.2,1010.5,20.3,1.8,Partially cloudy
22-10-2019,89.8,77,82.9,102.6,77,89.3,76.5,82.1,0,0,0,12.8,8.1,340.7,1008.9,32.1,1.9,Partially cloudy
23-10-2019,89.1,73.4,80.3,101.3,73.4,84.2,75.6,86.2,0.199,100,8.33,11.6,8.1,23.1,1009,61.5,1.6,"Rain, Partially cloudy"
24-10-2019,76.2,68,73.1,76.2,68,73.1,71.5,94.6,0.651,100,25,15.2,9.2,43.6,1010.9,79.4,1.7,"Rain, Partially cloudy"
25-10-2019,76.5,68,72.3,76.5,68,72.3,71,95.9,1.181,100,29.17,24.2,10.3,90.7,1009.1,77.7,1.7,"Rain, Partially cloudy"
26-10-2019,79.3,69.7,74,79.3,69.7,74,71.8,93,0,0,0,21.5,8.1,329.8,1011,72.7,2,Partially cloudy
27-10-2019,84.4,71.6,77,92.5,71.6,79.1,72.3,86,0,0,0,12.8,8.1,347.9,1011.7,38.1,2.3,Partially cloudy
28-10-2019,86,69.8,76.8,91.9,69.8,78.5,70.7,82.3,0,0,0,15,9.2,349.5,1012.6,19.2,2.1,Clear
29-10-2019,86,69.8,77,93.5,69.8,78.9,70.8,82.1,0,0,0,15,8.1,324.7,1012.4,17.7,2,Clear
30-10-2019,86,71.6,78.5,93.5,71.6,80.8,71.9,81.2,0,0,0,14.5,8.1,327.6,1011.2,18.6,1.8,Clear
31-10-2019,86.2,71.6,78.3,91.5,71.6,80.4,70.9,79.5,0,0,0,12.1,8.1,334.2,1010.8,8.6,1.7,Clear
01-11-2019,87.8,71.6,79,95.9,71.6,81.5,71.6,79.2,0,0,0,12.1,8.1,335.6,1010.7,23.5,1.7,Partially cloudy
02-11-2019,87.8,71.6,79.3,95.9,71.6,81.8,72,79.9,0,0,0,15,9.2,331.3,1011.2,26.5,1.8,Partially cloudy
03-11-2019,87.8,73.4,80.4,97.8,73.4,83.4,72.4,77.7,0,0,0,12.3,9.2,336.3,1011,43.5,1.9,Partially cloudy
04-11-2019,89.6,73.4,80,98.2,73.4,82.8,72.4,79.1,0,0,0,12.5,8.1,336,1011.2,14.7,2,Clear
05-11-2019,87.8,71.6,79.5,95.9,71.6,81.8,71.8,79.1,0,0,0,17.2,8.1,339.4,1009.7,2.6,1.5,Clear
06-11-2019,86,68,76.6,88.4,68,77.3,67.5,75.1,0,0,0,17.9,9.2,359.2,1009,34.5,1.4,Partially cloudy
07-11-2019,83.6,66.2,74.9,84.6,66.2,75.3,65.9,74.9,0,0,0,17.2,10.3,358.1,1009.2,40.2,1.8,Partially cloudy
08-11-2019,78.4,71.6,73.7,78.4,71.6,73.7,70.4,89.7,0.372,100,16.67,19.5,9.2,50.9,1009.7,71.9,1.9,"Rain, Partially cloudy"
09-11-2019,74.7,71.6,72.6,74.7,71.6,72.6,71.3,95.9,3.347,100,25,42.9,17.2,44.4,1006.8,87.9,1.5,"Rain, Partially cloudy"
10-11-2019,79.7,73.4,75.4,79.7,73.4,75.4,72.6,91.5,3.52,100,12.5,44.3,18.3,1.2,1005.9,64.5,2,"Rain, Partially cloudy"
11-11-2019,84.2,69.8,76.7,92.5,69.8,79.1,72.1,86,0,0,0,17.9,9.2,336.1,1009.7,35.9,2.2,Partially cloudy
12-11-2019,84.2,69.8,76.3,88.4,69.8,77.2,69,79.9,0,0,0,11.9,8.1,340.3,1012.3,15.1,1.8,Clear
13-11-2019,84.2,66.2,74.6,87.4,66.2,75.3,67.1,79,0,0,0,12.1,6.9,344.8,1014.1,2.8,1.7,Clear
14-11-2019,84.3,68,75.7,89.6,68,77.1,68.6,79.2,0,0,0,14.1,6.9,354.4,1014,18.5,1.9,Clear
15-11-2019,87.8,69.8,77.4,92.7,69.8,78.7,69.3,77.5,0,0,0,12.1,5.8,341,1012.9,2.6,2,Clear
16-11-2019,86,68,76.3,90.6,68,77.5,69.3,80.5,0,0,0,11,6.9,8,1012.8,0.8,2,Clear
17-11-2019,86,66.2,75.4,88.4,66.2,76.2,67.3,77.8,0,0,0,11,8.1,302.7,1012.6,1.2,1.8,Clear
18-11-2019,86,66.2,75.3,88.4,66.2,76,66.5,75.8,0,0,0,9.8,6.9,325.6,1012.8,0.1,1.7,Clear
19-11-2019,82.9,66.2,74.6,85.6,66.2,74.8,64,71.5,0,0,0,13.9,9.2,344.6,1013,0.4,1.9,Clear
20-11-2019,83.2,64.4,72.7,83.8,64.4,72.7,61.9,71.4,0,0,0,11,5.8,18.4,1013.8,1.1,2.2,Clear
21-11-2019,82.4,62.6,72.2,83.4,62.6,72.4,62.4,73.2,0,0,0,14.3,9.2,4.1,1014.4,2,1.9,Clear
22-11-2019,82.4,64.4,72.7,83.4,64.4,73.1,63.3,73.5,0,0,0,11.9,8.1,356.7,1014.5,1.6,1.8,Clear
23-11-2019,81.6,64.4,72.8,83.6,64.4,73.3,65.4,78.6,0,0,0,13,4.7,340.5,1014.1,0.1,1.6,Clear
24-11-2019,82.4,64.4,72.5,84,64.4,72.9,64.4,77.6,0,0,0,11.4,5.8,346,1013.7,0.1,1.5,Clear
25-11-2019,84.2,64.4,73.5,87.4,64.4,74.2,66.7,80.7,0,0,0,10.3,6.9,4.6,1014.3,1.1,1.5,Clear
26-11-2019,84.2,66.2,74.4,88.4,66.2,75.4,68.3,82.2,0,0,0,10.5,5.8,35.4,1014.1,0.1,1.5,Clear
27-11-2019,84.2,66.2,74.5,88.7,66.2,75.5,68.3,82.1,0,0,0,13.2,6.9,16.8,1014.2,0.1,1.5,Clear
28-11-2019,84.5,66.2,74.8,88.9,66.2,76,68.3,81.5,0,0,0,12.5,6.9,352.3,1014.1,0.1,2,Clear
29-11-2019,84.5,64.4,75.1,88.4,64.4,76.1,67.6,79,0,0,0,12.3,5.8,2,1013.5,0.4,2,Clear
30-11-2019,84.2,64.4,74.3,87.4,64.4,75.2,67.2,79.8,0,0,0,12.5,6.9,7.7,1013.7,8.2,1.9,Clear
01-12-2019,80.8,64.4,72.9,82.3,64.4,73.2,65,77.6,0,0,0,14.5,9.2,12.2,1014.6,22.5,1.8,Partially cloudy
02-12-2019,82,64.4,71.6,82,64.4,71.6,60.3,70.3,0,0,0,13.2,9.2,347.3,1014.7,19.9,1.9,Clear
03-12-2019,79.1,59,69.1,79.1,59,69.1,59.9,74.1,0,0,0,17,8.1,354.9,1014.9,0.1,1.8,Clear
04-12-2019,78.4,59,68.6,78.4,59,68.6,57.6,70.4,0,0,0,18.1,9.2,346.8,1016.6,2.7,1.7,Clear
05-12-2019,79.6,59,68.8,79.6,59,68.8,60.7,76.7,0,0,0,15.7,8.1,339.2,1016.9,0,1.8,Clear
06-12-2019,82.4,59,71.6,84,59,71.9,63.2,76.6,0,0,0,8.5,6.9,148.6,1017,21.1,1.9,Partially cloudy
07-12-2019,83.4,64.4,73.7,85.4,64.4,74.1,63.9,73.4,0,0,0,10.5,5.8,17.6,1016.1,40.8,2.1,Partially cloudy
08-12-2019,84.2,68,74.7,85,68,75,63.6,70.1,0,0,0,11,8.1,265.9,1015.8,38.4,1.9,Partially cloudy
09-12-2019,81.7,64.4,72.4,82.8,64.4,72.5,61.5,70.1,0,0,0,14.5,9.2,354.4,1015.5,15.9,1.9,Clear
10-12-2019,81.1,62.6,70,81.2,62.6,70,58.9,69.4,0,0,0,9.6,5.8,58.8,1013.8,36.2,1.9,Partially cloudy
11-12-2019,80.6,60.8,69.9,82.3,60.8,70,62.3,78.2,0,0,0,9.6,5.8,111.9,1013.1,28.2,1.7,Partially cloudy
12-12-2019,79.1,60.8,70.4,79.1,60.8,70.4,65.1,84.2,0,0,0,10.5,4.7,72.1,1014.4,26.9,1.7,Partially cloudy
13-12-2019,80.6,60.8,70.6,82.8,60.8,70.7,64.4,81.9,0,0,0,10.5,5.8,93.7,1015.8,19.2,1.4,Clear
14-12-2019,81.1,64.4,71.7,83.4,64.4,72.1,65.7,82.8,0,0,0,11,5.8,328.2,1016.5,23,1.2,Partially cloudy
15-12-2019,78.9,60.8,69.5,78.9,60.8,69.5,64.2,84,0,0,0,14.8,6.9,0.8,1016.1,14.3,1.6,Clear
16-12-2019,77.5,60.8,69,77.5,60.8,69,61.9,79.4,0,0,0,14.8,8.1,359.1,1015.8,19.1,1.8,Clear
17-12-2019,76,62.6,68.4,76,62.6,68.4,61.6,79.4,0,0,0,14.8,8.1,351.7,1016.6,35.7,1.8,Partially cloudy
18-12-2019,70.7,55.4,62.7,70.7,55.4,62.7,55.2,77.6,0,0,0,19.5,11.4,341,1017.5,1.1,1.7,Clear
19-12-2019,69.2,48.2,59,69.2,46.3,58.9,49.8,73.3,0,0,0,17,8.1,338,1015.9,0.4,1.8,Clear
20-12-2019,69.9,50,58.9,69.9,49.4,58.9,50.8,75.8,0,0,0,16.6,6.9,324.4,1014.3,0.4,1.6,Clear
21-12-2019,70,51.8,58.6,70,51.8,58.6,53.5,84.3,0,0,0,15.4,8.1,355.7,1015,16.5,1.2,Clear
22-12-2019,66.6,50,57.7,66.6,49.4,57.7,53.8,87.2,0,0,0,15.2,8.1,8.6,1015.5,21.4,1.1,Partially cloudy
23-12-2019,71.9,53.6,61.9,71.9,53.6,61.9,57.2,85.5,0,0,0,16.6,9.2,359.9,1016,47.7,1.2,Partially cloudy
24-12-2019,71.7,53.6,61.9,71.7,53.6,61.9,55.8,82.2,0,0,0,15.7,9.2,353.7,1016.5,11.5,1.2,Clear
25-12-2019,75.3,53.6,64.4,75.3,53.6,64.4,55.8,75.4,0,0,0,13.2,5.8,24.4,1015.4,11.9,1.5,Clear
26-12-2019,64.8,53.6,59.8,64.8,53.6,59.8,55.5,85.8,0.032,100,4.17,16.8,9.2,11.1,1015.1,59.3,1.2,"Rain, Partially cloudy"
27-12-2019,66.5,53.6,58.3,66.5,53.6,58.3,54.3,87.1,0.355,100,12.5,16.6,6.9,355.5,1014.8,57.8,1.3,"Rain, Partially cloudy"
28-12-2019,67.3,48.2,57.6,67.3,47.3,57.5,52.5,83.7,0,0,0,19,9.2,344.7,1016.5,2.5,1.3,Clear
29-12-2019,72.1,50,60.3,72.1,47.8,60.1,51.2,73.5,0,0,0,17.9,9.2,339,1016,2.1,1.7,Clear
30-12-2019,72,48.2,59.8,72,46.3,59.5,52.6,78.5,0,0,0,15.2,9.2,344.9,1016.3,19.5,1.5,Clear
31-12-2019,73.8,50,61.8,73.8,50,61.8,54,77.4,0,0,0,11.2,5.8,322.2,1017.2,0.1,1.5,Clear
01-01-2020,75.4,53.6,64.2,75.4,53.6,64.2,56.3,76.8,0,0,0,14.5,6.9,333.7,1018.4,11.6,1.6,Clear
02-01-2020,77.1,57.2,66.8,77.1,57.2,66.8,59.5,78.7,0,0,0,13.9,8.1,19.8,1019.1,59.6,1.7,Partially cloudy
03-01-2020,64.4,59,62.1,64.4,59,62.1,60.5,94.3,0.996,100,25,17.2,12.8,30.1,1017.3,79.5,1.5,"Rain, Partially cloudy"
04-01-2020,66.2,59,62.1,66.2,59,62.1,60,92.7,0.1,100,8.33,11.4,6.9,4.8,1014.9,62.6,1.5,"Rain, Partially cloudy"
05-01-2020,68,57.2,61.7,68,57.2,61.7,59.5,92.5,0,0,0,18.6,8.1,329.5,1015.3,47.7,1.1,Partially cloudy
06-01-2020,70.3,50,60.1,70.3,50,60.1,54.1,82.3,0,0,0,17.2,9.2,352.3,1018.3,0.5,1.4,Clear
07-01-2020,69.1,51.8,59.7,69.1,51.8,59.7,54.2,83.2,0,0,0,15.2,9.2,327.4,1016.2,2.6,1.3,Clear
08-01-2020,74,50,62.4,74,50,62.4,56,80.9,0,0,0,13,9.2,16.1,1015.1,26.3,1.5,Partially cloudy
09-01-2020,71.5,59,64.1,71.5,59,64.1,60.2,87.5,0.015,100,12.5,19.5,5.8,39.8,1014.8,67.7,1.3,"Rain, Partially cloudy"
10-01-2020,70.9,57.2,63.2,70.9,57.2,63.2,56,78.5,0,0,0,18.3,11.4,333.7,1016,34.3,1.6,Partially cloudy
11-01-2020,67.7,51.8,59.4,67.7,51.8,59.4,52.8,79.7,0,0,0,18.3,9.2,338,1017,18.3,1.8,Clear
12-01-2020,71.6,51.8,61.1,71.6,51.8,61.1,52.3,74.6,0,0,0,16.8,11.4,329.9,1014.4,1.3,1.6,Clear
13-01-2020,71.9,51.8,62,71.9,51.8,62,51.3,69.9,0,0,0,16.6,8.1,320.1,1012.5,0,1.6,Clear
14-01-2020,76.2,51.8,63.7,76.2,51.8,63.7,52.5,69.7,0,0,0,10.5,5.8,340.2,1013.3,0.1,1.5,Clear
15-01-2020,78.8,55.4,65.9,78.8,55.4,65.9,56.3,73.6,0,0,0,11.9,6.9,7,1014.4,0,1.4,Clear
16-01-2020,80.8,53.6,67.5,81.8,53.6,67.6,59.3,77.2,0,0,0,10.1,5.8,88.1,1014.3,1.4,1.4,Clear
17-01-2020,82.6,59,70.1,84.6,59,70.3,60.3,74.1,0,0,0,9.4,6.9,129.5,1014.9,0,1.5,Clear
18-01-2020,82.6,59,70.8,82.9,59,70.8,58.5,68.5,0,0,0,8.9,5.8,285.6,1014.3,6.5,1.8,Clear
19-01-2020,78.6,60.8,68.5,78.6,60.8,68.5,61.3,78.8,0,0,0,13.2,9.2,347.8,1014.4,10.2,1.8,Clear
20-01-2020,71.2,59,64.1,71.2,59,64.1,56.8,78,0,0,0,18.3,9.2,350.4,1016.2,20.3,1.6,Partially cloudy
21-01-2020,73.8,53.6,63.2,73.8,53.6,63.2,54.3,74.3,0,0,0,13,8.1,1.9,1018.1,4.5,1.7,Clear
22-01-2020,77,53.6,65.3,77,53.6,65.3,56.7,75.6,0,0,0,10.5,5.8,320.4,1017.5,2.9,1.6,Clear
23-01-2020,74.3,59,66.3,74.3,59,66.3,60.1,81.3,0,0,0,14.3,5.8,343.1,1015.3,33.2,1.2,Partially cloudy
24-01-2020,73.4,57.2,64.1,73.4,57.2,64.1,50.7,65.2,0,0,0,17.7,11.4,335.1,1015.7,20.3,1.9,Partially cloudy
25-01-2020,72.5,51.8,62.2,72.5,51.8,62.2,48.2,62.3,0,0,0,15.4,8.1,340.6,1014.8,3.2,2.1,Clear
26-01-2020,75,51.8,63.3,75,51.8,63.3,51.7,68.4,0,0,0,13.9,8.1,293.6,1013.2,1.3,1.8,Clear
27-01-2020,73.5,53.6,63.7,73.5,53.6,63.7,52.7,69.8,0,0,0,16.8,9.2,327.9,1012.8,0,1.6,Clear
28-01-2020,77,53.6,65.6,77,53.6,65.6,56.6,74.5,0,0,0,11.4,5.8,133.1,1012.9,8.2,1.4,Clear
29-01-2020,75.2,60.8,68.2,75.2,60.8,68.2,64.5,88,0.213,100,12.5,14.3,8.1,141.8,1014.3,66.6,1.6,"Rain, Partially cloudy"
30-01-2020,71.2,62.6,67.3,71.2,62.6,67.3,64.7,91.3,0.325,100,8.33,16.3,6.9,49.8,1012.9,60.5,1.1,"Rain, Partially cloudy"
31-01-2020,73.6,60.8,66,73.6,60.8,66,57.8,76.9,0,0,0,17.7,11.4,338.4,1013.9,14.3,1.5,Clear
01-02-2020,74.8,53.6,64,74.8,53.6,64,53,69.5,0,0,0,13.9,9.2,3.3,1015.7,0,2,Clear
02-02-2020,73,55.4,64.1,73,55.4,64.1,50.2,63,0,0,0,17.2,10.3,336,1017.7,6.6,2,Clear
03-02-2020,73,53.6,62.8,73,53.6,62.8,47,58.6,0,0,0,15.7,9.2,343.9,1017.9,0.1,2.2,Clear
04-02-2020,74.7,51.8,64.3,74.7,51.8,64.3,50,61.3,0,0,0,13.6,8.1,356.3,1015.7,13.5,2,Clear
05-02-2020,78.1,59,68.2,78.1,59,68.2,56.6,68,0,0,0,10.1,5.8,156.2,1014,35.8,1.7,Partially cloudy
06-02-2020,77.8,59,68.2,77.8,59,68.2,56.4,68.6,0,0,0,13.9,9.2,11.7,1015.3,20.2,1.7,Partially cloudy
07-02-2020,72.9,59,66.2,72.9,59,66.2,54.6,67.5,0,0,0,17.9,6.9,16.7,1016.8,62.6,1.7,Partially cloudy
08-02-2020,67.7,60.8,63.7,67.7,60.8,63.7,56.1,76.7,0.003,100,4.17,15.7,5.8,330.7,1017.8,77.6,1.4,"Rain, Partially cloudy"
09-02-2020,77,59,67.1,77,59,67.1,54.8,67,0,0,0,19.9,10.3,334.4,1017.9,24.5,1.8,Partially cloudy
10-02-2020,75.7,55.4,65.6,75.7,55.4,65.6,50.3,60.2,0,0,0,15.9,8.1,327.6,1017.3,1,2,Clear
11-02-2020,77.2,55.4,65.7,77.2,55.4,65.7,50.7,61.5,0,0,0,17.4,9.2,335.9,1017.3,0.1,2,Clear
12-02-2020,77.2,55.4,66,77.2,55.4,66,50.4,60.3,0,0,0,18.8,10.3,338.9,1016.6,0,2,Clear
13-02-2020,78.9,57.2,67.7,78.9,57.2,67.7,51.6,59.8,0,0,0,17.2,9.2,296.8,1013.7,0,1.8,Clear
14-02-2020,82.5,57.2,71,82.5,57.2,71,57.6,64.8,0,0,0,18.6,8.1,261,1010,0,1.8,Clear
15-02-2020,81.7,64.2,72.2,80.3,64.2,72,55,57.8,0,0,0,18.1,11.4,298.6,1011.9,0,2.1,Clear
16-02-2020,82.7,59,71.4,82.1,59,71.3,57.2,63.2,0,0,0,11.6,5.8,328,1014.3,1.1,1.9,Clear
17-02-2020,84.2,60.8,72.1,83.9,60.8,72.1,59.2,66.1,0,0,0,11.4,6.9,307,1014.7,0.1,1.9,Clear
18-02-2020,83.4,66.2,73.3,83.4,66.2,73.3,60.9,67.9,0,0,0,12.1,6.9,292.6,1013.8,6.2,1.5,Clear
19-02-2020,83.2,62.6,72.6,85.4,62.6,73,63.9,76.6,0,0,0,15.2,9.2,188.2,1014.8,11.7,1.5,Clear
20-02-2020,84.3,66.2,74.5,85.7,66.2,74.9,64.8,74,0,0,0,14.8,9.2,178.1,1015.5,27.8,1.9,Partially cloudy
21-02-2020,86,62.6,74.4,85.7,62.6,74.6,62.8,70,0,0,0,12.3,4.7,53,1017.4,10.3,1.8,Clear
22-02-2020,86,62.6,74.9,85,62.6,74.7,60.2,63.2,0,0,0,13.9,9.2,343.7,1017.4,15.4,1.8,Clear
23-02-2020,86,64.4,74.8,86.1,64.4,74.9,63.2,69.5,0,0,0,14.3,8.1,1.8,1015.6,16.4,1.9,Clear
24-02-2020,78.8,66.2,72.5,78.8,66.2,72.5,64.9,77.9,0.006,100,4.17,14.5,10.3,5.6,1013.5,56,1.5,"Rain, Partially cloudy"
25-02-2020,70.8,64.4,68,70.8,64.4,68,64.7,89.5,0.098,100,8.33,19.9,10.3,182.1,1013.1,76.5,1.4,"Rain, Partially cloudy"
26-02-2020,79.9,62.6,70.8,79.9,62.6,70.8,63.1,78.3,0,0,0,15.4,8.1,226.3,1013.3,47.3,2.1,Partially cloudy
27-02-2020,80.3,62.6,71.7,81.3,62.6,71.8,63.2,76.1,0,0,0,12.8,9.2,359.3,1013.7,55.3,1.9,Partially cloudy
28-02-2020,81.4,62.6,72.1,81.8,62.6,72.2,61.5,71.1,0,0,0,13.4,8.1,354.8,1013.3,17.7,1.9,Clear
29-02-2020,83.5,62.6,73.2,82.9,62.6,73.2,59.4,64.3,0,0,0,12.5,9.2,337,1012,6.2,2.1,Clear
01-03-2020,86,66.2,75.6,86.7,66.2,75.9,62.6,66,0,0,0,11.6,6.9,335.6,1011.8,4.4,2,Clear
02-03-2020,87.8,68,77.8,92.7,68,79.2,66.7,70.3,0,0,0,13,5.8,286.6,1011.3,14.9,1.7,Clear
03-03-2020,85.9,66.2,75.3,89.6,66.2,76.5,67.4,77.7,0.128,100,4.17,15.9,9.2,133.6,1010.7,47.8,1.8,"Rain, Partially cloudy"
04-03-2020,85,66.2,74.5,90.9,66.2,75.8,67.8,80.3,0.056,100,4.17,21,11.4,182.5,1011,58.2,1.8,"Rain, Partially cloudy"
05-03-2020,83.4,64.4,72.1,85.6,64.4,72.6,65.8,82,0.255,100,4.17,17.9,11.4,199.3,1011.1,55.9,2.1,"Rain, Partially cloudy"
06-03-2020,83.8,68,75.5,87.2,68,76.5,68.9,81,0.003,100,4.17,21.5,13.9,163.4,1012,57.5,2,"Rain, Partially cloudy"
07-03-2020,78.8,68,73.5,78.8,68,73.5,70.2,89.9,0.746,100,12.5,21.3,9.2,93.7,1013.5,62.5,1.9,"Rain, Partially cloudy"
08-03-2020,86,69.8,76.9,90.6,69.8,78,68.7,77.2,0.007,100,12.5,20.6,8.1,280.2,1011.7,48.7,2.1,"Rain, Partially cloudy"
09-03-2020,85.5,68,76.3,85.3,68,76.4,61.2,61.3,0,0,0,17.4,9.2,327.3,1011.5,15.7,2.3,Clear
10-03-2020,87.8,64.4,76.4,87.8,64.4,76.4,61.1,61.7,0,0,0,11.2,6.9,331.9,1011.3,20.8,2.2,Partially cloudy
11-03-2020,89.9,71.6,80,94.9,71.6,81.7,67.2,66.4,0,0,0,11.6,9.2,294.4,1011.3,48.2,2,Partially cloudy
12-03-2020,90,71.6,80.2,100.2,71.6,83.6,70.3,72.8,0,0,0,17,8.1,283,1012.9,46,2.2,Partially cloudy
13-03-2020,93.2,71.6,83.1,105.1,71.6,87.9,72.5,72.4,0.004,100,4.17,12.1,5.8,114.5,1013.1,37.9,2.1,"Rain, Partially cloudy"
14-03-2020,87.7,68,77.8,92.6,68,78.8,66.2,68.8,0.02,100,8.33,20.6,18.3,357.5,1013.5,43.2,2.3,"Rain, Partially cloudy"
15-03-2020,87.1,64.4,75.2,90.6,64.4,76.2,65.7,73.5,0,0,0,22.6,11.4,344.7,1013,24.9,2.4,Partially cloudy
16-03-2020,88.2,71.6,78.8,94.2,71.6,80.9,69.1,73,0,0,0,19,6.9,351.3,1012.9,43.2,2.1,Partially cloudy
17-03-2020,88.3,73.4,80.7,92.7,73.4,81.9,67.5,66.2,0,0,0,11.9,5.8,102.3,1013.7,33.7,2.3,Partially cloudy
18-03-2020,89.7,69.8,80,94.2,69.8,81.5,66.5,64.6,0,0,0,14.5,8.1,352,1012.3,35.9,2.2,Partially cloudy
19-03-2020,91.4,68,80.4,91.4,68,80.6,63,58.8,0,0,0,11.6,15,213.8,1011.2,38.7,2.1,Partially cloudy
20-03-2020,89.7,71.6,80.1,90.3,71.6,79.9,61.1,55.1,0,0,0,18.6,11.4,275.5,1010.6,45.7,2.4,Partially cloudy
21-03-2020,92.1,66.2,80.2,95.6,66.2,82.3,67.1,66.6,0.003,100,4.17,22.8,12.8,183.6,1010.9,49.7,2.2,"Rain, Partially cloudy"
22-03-2020,86.7,60.8,75.3,88.4,60.8,75.7,63.9,69.9,0.16,100,4.17,28.9,12.8,125.7,1012.3,53.6,2.3,"Rain, Partially cloudy"
23-03-2020,89.8,66.2,77.7,91.9,66.2,79.2,68.2,75.2,0,0,0,16.6,16.1,223.5,1011.4,39.6,2.3,Partially cloudy
24-03-2020,90.6,68,79,96.4,68,81.3,69.1,73.9,0.202,100,4.17,14.3,8.1,22.2,1009.6,35.1,2.1,"Rain, Partially cloudy"
25-03-2020,93,69.8,81.7,102.7,69.8,86.1,71.7,73.4,0,0,0,13.2,6.9,221,1008.5,23.2,2.2,Partially cloudy
26-03-2020,95,75.2,84.5,98.2,75.2,86.7,69.8,65.8,0,0,0,14.5,9.2,285.1,1009.4,9.2,2.4,Clear
27-03-2020,96.9,77,86.9,98.3,77,88.6,66.8,55,0,0,0,13.9,8.1,270.5,1010.2,2.1,2.4,Clear
28-03-2020,97,78.8,88.5,102,78.8,92.8,69.5,55.7,0,0,0,14.8,8.1,289.1,1008.5,0.5,2.4,Clear
29-03-2020,95,78.8,86.8,97.3,78.8,89.6,66.8,53.2,0,0,0,18.8,10.3,306.1,1008.3,6.5,2.5,Clear
30-03-2020,95,75.2,85.9,95.3,75.2,86.5,62.3,48.2,0,0,0,17.2,8.1,309.8,1009.5,22.5,2.5,Partially cloudy
31-03-2020,96.8,77,86.2,95.8,77,86.6,62.9,48.9,0,0,0,15.9,9.2,294.1,1009.5,17.2,2.5,Clear
01-04-2020,100.4,78.8,88.1,112.4,78.8,94.4,71.7,60.7,0,0,0,17,11.4,225.7,1007.9,23.4,2.5,Partially cloudy
02-04-2020,98.6,76.7,86.8,117.7,76.7,96.8,75,69,0,0,0,21.7,12.8,197,1006.9,23.4,2.3,Partially cloudy
03-04-2020,97,80.6,88,112.8,87.1,98.4,76.1,69.7,0,0,0,13.9,69.1,39.5,1008.1,31.1,2.3,Partially cloudy
04-04-2020,98.6,78.8,88,102.8,78.8,92.1,69,56.7,0,0,0,14.5,9.2,344.1,1009.8,23.8,2.3,Partially cloudy
05-04-2020,97.1,82.4,88.6,100.6,89.6,95,71.3,61.2,0,0,0,15.7,8.1,264.1,1010,37,2.5,Partially cloudy
06-04-2020,100.4,78.8,88.7,102.6,78.8,91.4,65.3,54,0,0,0,18.8,9.2,271.4,1009.3,5.9,2.4,Clear
07-04-2020,102.2,79.4,88.9,105.4,79.4,93.7,69.5,56.7,0,0,0,21.3,16.1,210.4,1007.6,12.7,2.4,Clear
08-04-2020,96.8,80.7,87,101.4,82.5,90.7,67.8,54.4,0,0,0,26.4,12.4,237.1,1008.6,56.1,2.3,Partially cloudy
09-04-2020,96.8,78.8,85.6,99.8,78.8,87.7,64.8,51.2,0,0,0,14.5,10.3,195.5,1009,27.8,2.5,Partially cloudy
10-04-2020,98.6,78.8,86.3,107.5,78.8,93.7,74.7,71.1,0,0,0,16.6,13.9,196.5,1010.6,19.4,2.4,Clear
11-04-2020,98.6,77,86.9,117.1,77,95.8,75.3,71.3,0,0,0,21.7,26.7,203.9,1010.9,34.4,2.5,Partially cloudy
12-04-2020,93.9,75.2,83.8,110.9,75.2,92.8,74.8,75,0,0,0,18.1,9.2,138.3,1009.6,41.6,2.4,Partially cloudy
13-04-2020,96.8,78.8,85.8,115.3,78.8,97.5,78.9,81.6,0,0,0,17.2,11.4,161.9,1007.7,35.9,2.4,Partially cloudy
14-04-2020,98.6,78.8,87.4,124.8,78.8,101.5,79.6,79.4,0,0,0,16.8,11.4,164.2,1008.5,39.8,2.3,Partially cloudy
15-04-2020,95,73.4,84.3,123.9,73.4,96.3,78,82.3,0.019,100,4.17,17.7,13.9,139.6,1009.1,55.4,2.3,"Rain, Partially cloudy"
16-04-2020,91.9,73.4,82,107.8,73.4,89.9,75.7,82.3,0.032,100,4.17,19,9.2,145.2,1007.5,49.8,2.3,"Rain, Partially cloudy"
17-04-2020,96.8,78.8,87,123.9,78.8,101.1,79,77.8,0.019,100,4.17,24.4,13.9,182.7,1005.9,44.9,2.6,"Rain, Partially cloudy"
18-04-2020,91.6,79.9,85.2,114.4,79.9,97.9,78.3,80.3,0.029,100,4.17,34.4,19.7,199.7,1007.6,57.2,2.2,"Rain, Partially cloudy"
19-04-2020,95,78.4,85.8,107.4,78.4,94,74.4,70,0,0,0,21.5,17.2,186.4,1008,29.2,2.6,Partially cloudy
20-04-2020,95,68,85,121.2,68,98.3,78.6,81.9,0,0,0,22.6,16.1,172.2,1008.6,63.4,2.2,Partially cloudy
21-04-2020,80.6,68,74.7,83.3,68,74.8,68,80,0.987,100,20.83,28.9,17.2,239.8,1009.8,70.3,2.2,"Rain, Partially cloudy"
22-04-2020,88,69.8,79.3,99.9,69.8,83.8,73.2,82.6,0.002,100,8.33,20.8,10.3,183.3,1008.5,58.2,2.4,"Rain, Partially cloudy"
23-04-2020,91.4,71.6,80,114.4,71.6,85.8,74.8,84.7,0.289,100,8.33,28.9,12.8,158.9,1007.8,56.3,2.3,"Rain, Partially cloudy"
24-04-2020,91.4,71.6,79.6,110.9,71.6,84.6,73.6,82.7,0.169,100,4.17,30.2,12.8,194.2,1007,52.1,2.4,"Rain, Partially cloudy"
25-04-2020,91.8,73.4,82.4,105.2,73.4,89.4,75,79.3,0.003,100,4.17,18.3,11.4,183.4,1007.2,47.1,2.4,"Rain, Partially cloudy"
26-04-2020,89.6,75.2,80.3,105.2,75.2,84.2,75.1,85.2,0.028,100,4.17,20.1,11.4,115.4,1009.5,56.4,2.1,"Rain, Partially cloudy"
27-04-2020,84.6,73.4,77.9,92.8,73.4,80.4,74.1,88.6,0.355,100,8.33,17.4,8.1,90.6,1011.5,58,2,"Rain, Partially cloudy"
28-04-2020,80,73.4,76.9,80,73.4,76.9,74.4,92.1,0.033,100,12.5,14.3,10.3,109.2,1010,68.6,2,"Rain, Partially cloudy"
29-04-2020,89.7,71.6,80.1,105.2,71.6,84.7,74.5,83.8,0.002,100,4.17,13.9,11.4,125.1,1008.7,51.1,2.2,"Rain, Partially cloudy"
30-04-2020,92.1,75.2,83.3,105.1,75.2,89.8,75.6,78.9,0,0,0,19.7,11.4,192.2,1008.9,46.6,2.4,Partially cloudy
01-05-2020,90.6,69.8,77.9,105.2,69.8,80.7,73.7,87.7,0.696,100,12.5,13,15,147.6,1008.3,55.9,2.2,"Rain, Partially cloudy"
02-05-2020,89.6,69.8,78.9,105.2,69.8,83.6,73.7,84.9,0.101,100,8.33,13.2,6.9,12.1,1006.7,60,2,"Rain, Partially cloudy"
03-05-2020,90.7,73.4,81.9,105.2,73.4,89,75.7,82.3,0.001,100,4.17,13.6,5.8,94,1006.7,51,2.4,"Rain, Partially cloudy"
04-05-2020,93.7,77,84.7,117.1,77,95.9,78.5,82.7,0,0,0,12.5,12.8,194.3,1007.9,45.1,2.3,Partially cloudy
05-05-2020,95,77,85.7,119.7,77,97.3,78.7,80.6,0,0,0,15.4,15,178.5,1007,46.7,2.6,Partially cloudy
06-05-2020,89.6,68,80.5,105.2,68,87.6,75.3,85,1.357,100,8.33,28.9,17.2,180,1007.4,52,2.4,"Rain, Partially cloudy"
07-05-2020,94,71.6,83.1,114.4,71.6,91.8,76.6,81.8,0,0,0,25.3,18.3,120,1007.5,36.3,2.5,Partially cloudy
08-05-2020,95,69.8,83.9,116.1,69.8,93.2,75.5,77.4,0,0,0,14.3,11.4,191.2,1006.8,40.6,2.3,Partially cloudy
09-05-2020,100.4,80.6,89.2,119.7,88.1,104.2,79.1,74.2,0,0,0,15.4,9.2,182.5,1007.1,26.2,2.4,Partially cloudy
10-05-2020,97.3,71.6,86.3,126.4,71.6,100.9,79.1,80.7,0,0,0,25.3,11.4,139.1,1007.4,41.1,2.3,Partially cloudy
11-05-2020,95,71.6,83.4,107.8,71.6,90.4,74.3,75.8,0,0,0,11.2,10.3,37.3,1008.3,43.3,2.4,Partially cloudy
12-05-2020,97.8,79.8,88.6,116.1,79.8,100.9,77.4,71.1,0,0,0,10.7,8.1,162,1007.5,32.8,2.5,Partially cloudy
13-05-2020,98.6,82.4,89,112.4,89.5,99.3,75.1,66.5,0,0,0,18.3,13.9,197.2,1006.1,44.4,2.6,Partially cloudy
14-05-2020,96.8,80.6,88.4,122.3,87.1,105,80.4,78.6,0,0,0,19.2,20.9,189.5,1005.7,40.6,2.4,Partially cloudy
15-05-2020,98.6,82.4,89.5,126.4,94.1,107.8,80.8,76.6,0,0,0,20.1,17.2,190.2,1004.2,28.1,2.6,Partially cloudy
16-05-2020,98.6,84,89.9,136.3,96.9,110.3,81.7,77.8,0,0,0,19.2,16.1,197.8,1003.2,32.1,2.8,Partially cloudy
17-05-2020,100.4,84.2,90.3,136.1,98.3,109.1,80.9,75.3,0,0,0,16.8,15,192.1,1003,42.3,2.7,Partially cloudy
18-05-2020,98.6,82.1,89.7,118.6,92.3,104.4,78.7,72.5,0,0,0,19.5,12.8,171.5,1001.4,47.7,2.6,Partially cloudy
19-05-2020,90.9,75.2,84,111.8,75.2,96.6,79.3,86.3,0.096,100,4.17,19.9,11.4,79.2,1000.1,74,2.3,"Rain, Partially cloudy"
20-05-2020,78.5,73.4,76.3,78.5,73.4,76.3,75.1,96,9.167,100,25,62.6,45.7,54.6,988.4,85.4,1.7,"Rain, Partially cloudy"
21-05-2020,81.2,74.4,78,88,74.4,79.2,74.8,90.1,0.433,100,8.33,43.2,21.9,248.6,996.7,94,2.7,"Rain, Overcast"
22-05-2020,93.8,75.2,84.3,114.6,75.2,95.1,78,82,0.024,100,8.33,24.6,9.2,213.1,1003.1,54.4,2.4,"Rain, Partially cloudy"
23-05-2020,94.7,82.5,87.3,115,94.1,104,80.9,82.2,0,0,0,24.4,12.5,189.2,1004.3,59.2,2.4,Partially cloudy
24-05-2020,93.2,82.4,87.6,125.7,94.1,108,82.6,85.4,0,0,0,28.6,18.3,193,1003.5,65.6,2.3,Partially cloudy
25-05-2020,91.4,84.2,87.4,118.3,99.9,107.2,82.3,85.2,0,0,0,33.6,23,194.4,1003.7,72.5,2.4,Partially cloudy
26-05-2020,91.4,84.2,86.7,118.3,97.8,105.1,81.8,85.6,0,0,0,33.3,21.9,196.2,1003.5,69.9,2.3,Partially cloudy
27-05-2020,93.2,69.8,84.4,122.7,69.8,99.6,79.1,84.7,1.087,100,8.33,38.7,23,194.1,1003.1,74.2,2.3,"Rain, Partially cloudy"
28-05-2020,80.6,73.4,76.1,87.1,73.4,76.6,74.1,93.8,0.849,100,16.67,30,9.2,187.6,1004.8,79.3,2,"Rain, Partially cloudy"
29-05-2020,96.8,77,85.7,123.9,77,98.9,79.3,82.4,0,0,0,19.2,8.1,175,1004.8,45.1,2.6,Partially cloudy
30-05-2020,96.8,75.2,85.9,126.4,75.2,100.6,79.9,83.5,0,0,0,19,10.3,168.9,1005.4,53,2.4,Partially cloudy
31-05-2020,92.6,73.4,83,108.1,73.4,91.2,77.3,84.1,0.173,100,8.33,32.2,9,125.2,1007.5,52.6,2.4,"Rain, Partially cloudy"
01-06-2020,93.2,73.4,84.7,125.7,73.4,98,79,83.7,0.056,100,12.5,20.4,11.4,196.8,1007.2,64.3,2.2,"Rain, Partially cloudy"
02-06-2020,96.8,77,86.1,126.4,77,99.6,79.3,81.3,0.129,100,4.17,20.4,16.1,197.5,1005.7,51.5,2.2,"Rain, Partially cloudy"
03-06-2020,96.8,78.8,87.5,122.3,78.8,101.5,79.9,79.8,0,0,0,20.1,10.3,219.2,1005,47.1,2.5,Partially cloudy
04-06-2020,96.8,78.8,89.2,126.4,78.8,110,82.5,81.7,0.019,100,4.17,19.9,13.9,217.7,1004,55,2.4,"Rain, Partially cloudy"
05-06-2020,95,77,87.6,123.9,77,105,81.2,82.4,0.007,100,4.17,23.7,13.9,185.3,1003.2,55.4,2.5,"Rain, Partially cloudy"
06-06-2020,98.6,86,91.3,129,104,113.5,82.3,76.6,0,0,0,19.5,11.4,217.4,1002.2,49.3,2.5,Partially cloudy
07-06-2020,96.8,77,86,126.4,77,102.5,81.4,87.2,2.279,100,4.17,13.6,15,160.9,1001.7,60.5,2.1,"Rain, Partially cloudy"
08-06-2020,96.8,78.8,86.3,131.1,78.8,102.8,81.3,86,0.766,100,4.17,15.4,10.3,192,1001.2,50.9,2.2,"Rain, Partially cloudy"
09-06-2020,96.8,82.4,88.8,133.6,94.1,110,82.5,82.5,0.028,100,4.17,16.3,10.3,134.8,1001.5,44.9,2.3,"Rain, Partially cloudy"
10-06-2020,91.4,84,87.3,118.3,98.9,105.6,81.5,83.2,0.096,100,4.17,18.6,11.4,119.5,1001.2,48.2,2.5,"Rain, Partially cloudy"
11-06-2020,86.3,82.4,84,104.7,93.7,98.5,81.1,90.9,0.516,100,12.5,19.7,9.2,87.8,1000,65,2.2,"Rain, Partially cloudy"
12-06-2020,84.2,80.6,82.2,100.7,88.1,93.3,80.4,94.4,1.226,100,12.5,21.7,10.3,100,998.7,68.6,2,"Rain, Partially cloudy"
13-06-2020,87.8,82,84.6,111.8,92.8,100.6,81.8,91.3,0.717,100,12.5,23.7,6.9,128.6,999.4,68.9,2.1,"Rain, Partially cloudy"
14-06-2020,85.5,80.6,82.9,103.4,89.3,96,81.1,94.4,0.727,100,25,24.8,8.1,133.7,1000.7,73.4,1.9,"Rain, Partially cloudy"
15-06-2020,89.4,80.2,84.4,112.4,86.8,99.1,81,89.6,0.405,100,16.67,18.1,11.4,159.6,1000.1,65.8,2.2,"Rain, Partially cloudy"
16-06-2020,91.4,79.5,83.7,122.7,79.5,97.7,81.1,92,0.734,100,12.5,16.8,9.2,156.8,998.5,71.3,2,"Rain, Partially cloudy"
17-06-2020,91.4,82.4,85.5,122.7,93.9,103.7,82.4,90.8,0.028,100,12.5,23.9,10.1,197.7,998,80.4,1.9,"Rain, Partially cloudy"
18-06-2020,91.4,82.4,85.4,119.4,92.4,102.7,81.9,89.3,0.003,100,4.17,19,9.2,189,999.2,69.4,2.2,"Rain, Partially cloudy"
19-06-2020,93.2,82.4,86.4,117.1,93.9,104.8,82.2,87.9,0.011,100,12.5,18.6,11.4,179.6,1000.4,63.5,2.2,"Rain, Partially cloudy"
20-06-2020,91.4,83.7,86.6,122.7,97,106.8,82.8,88.7,0.807,100,8.33,21.5,11.4,139.3,1000.2,53.2,2.4,"Rain, Partially cloudy"
21-06-2020,91.4,81.9,84.4,119.4,92.1,99.2,81.1,90.2,0.818,100,16.67,19.9,12.8,119.7,998.4,63.6,2.1,"Rain, Partially cloudy"
22-06-2020,93.2,78.8,85.8,125.7,78.8,103.3,81.7,88,0.755,100,20.83,28.9,12.8,146.8,999.6,61.8,2.3,"Rain, Partially cloudy"
23-06-2020,89.6,81.6,85.9,115.2,90.7,104,82.1,88.7,0.102,100,12.5,25.1,10.3,159.1,1003.3,62.3,2.2,"Rain, Partially cloudy"
24-06-2020,96.8,84,89.4,131.1,99.6,111.4,82.8,81.6,0.101,100,8.33,24.6,11.4,194,1004.7,44,2.5,"Rain, Partially cloudy"
25-06-2020,96.8,84.7,89.8,126.4,98.6,109.5,81.3,76.9,0,0,0,24.6,15,201.8,1003.7,49.7,2.5,Partially cloudy
26-06-2020,96.8,77,87.3,126.4,77,103.3,80.5,81.2,0.027,100,8.33,27.3,18.3,203,1002.5,55.5,2.3,"Rain, Partially cloudy"
27-06-2020,88.8,77,84.1,107.9,77,97.2,80.1,88.2,0.334,100,12.5,20.6,15,213.5,1001.8,73.3,2,"Rain, Partially cloudy"
28-06-2020,95,77,82.7,133.6,77,93,79.6,90.7,2.366,100,16.67,21.5,10.6,194.6,1002,76,2.1,"Rain, Partially cloudy"
29-06-2020,89.6,78.8,84.1,115.8,78.8,97.9,81,90.7,0.057,100,8.33,16.6,8.1,145.4,1002.4,71.7,2.3,"Rain, Partially cloudy"
30-06-2020,95,80.6,87.4,125.7,87.1,106.6,82,84.4,0.212,100,12.5,17.2,10.3,186.6,1002.3,58.7,2.1,"Rain, Partially cloudy"
01-07-2020,96.8,83.8,89.8,131.1,93.5,112,82.3,79.3,0,0,0,19.5,12.8,199,1001.1,46.8,2.5,Partially cloudy
02-07-2020,98.6,80.6,90.2,124.8,86.2,107.7,79.9,72.7,0,0,0,18.3,11.4,191,999.6,41.5,2.6,Partially cloudy
03-07-2020,95,78.8,88.3,133.6,78.8,108.8,82.1,82.6,0.16,100,4.17,19.7,9.2,155.8,1000.1,52.8,2.6,"Rain, Partially cloudy"
04-07-2020,93.2,83.7,87.7,125.7,97,110.1,83.5,87.5,0.268,100,12.5,17.7,10.3,112.4,999.2,58.1,2.3,"Rain, Partially cloudy"
05-07-2020,89.6,80.6,84.2,111.4,88.1,99,81.2,91,0.263,100,12.5,18.6,9.2,124.2,996.5,71.4,2.2,"Rain, Partially cloudy"
06-07-2020,89.6,80.6,84.3,119.4,88.1,100.3,81.8,92.5,1.124,100,16.67,21.9,10.3,129.3,996.7,76.6,2.2,"Rain, Partially cloudy"
07-07-2020,91.4,82.2,86,127.6,93.8,107.1,83.5,92.3,0.951,100,12.5,19.5,6.9,156.1,1001.3,61.7,2.3,"Rain, Partially cloudy"
08-07-2020,95,83.4,87.8,119.7,96.9,106.9,82,83.7,0.128,100,4.17,25.3,11.4,205.7,1002.5,64,2.4,"Rain, Partially cloudy"
09-07-2020,95,82.4,87.2,128.5,92.4,107.6,82.6,86.5,0.193,100,8.33,24.8,65.2,200.7,1000.9,61.1,2.3,"Rain, Partially cloudy"
10-07-2020,95,84.6,89.3,128.5,98.7,113.2,83.6,83.9,0,0,0,26.8,16.1,200.4,1000.5,58,2.4,Partially cloudy
11-07-2020,93.2,78.8,86.1,130.8,78.8,105.3,82.4,89,0.101,100,12.5,24.2,13.9,203.3,1000.2,71.3,2.3,"Rain, Partially cloudy"
12-07-2020,95,78.8,87.1,128.1,78.8,105.4,81.8,84.8,1.983,100,8.33,19,13.9,203.4,1000.5,76.6,2.2,"Rain, Partially cloudy"
13-07-2020,89.6,78.8,85.5,119.4,78.8,104.7,82.9,92.3,0.287,100,4.17,15,8.1,176.1,999.9,71.4,2.3,"Rain, Partially cloudy"
14-07-2020,93.2,84,86.7,125.7,97.2,106.8,82.9,88.9,0,0,0,18.3,12.8,149.1,1000.4,59.8,2.4,Partially cloudy
15-07-2020,91.4,82.2,85.3,118.3,92.3,101.6,81.4,88.2,0.454,100,16.67,23.3,11.4,157.2,1001.4,55.1,2.5,"Rain, Partially cloudy"
16-07-2020,91.4,81.6,86.5,118.3,91.8,104.5,81.7,86.1,0.048,100,8.33,23.5,55.9,156,1000.9,43.6,2.4,"Rain, Partially cloudy"
17-07-2020,93.3,82.4,87.9,125.7,95.6,109.3,83,85.8,0.001,100,4.17,24.4,11.4,172.8,1001.9,49.8,2.5,"Rain, Partially cloudy"
18-07-2020,95,83.4,88.8,128.5,95.9,110.2,82.6,82.6,0,0,0,23,15,191.8,1002.8,54.4,2.4,Partially cloudy
19-07-2020,95,80.6,87.8,128.5,88.1,107.9,82.3,84.3,0.415,100,4.17,26.6,18.3,199.4,1002.4,64,2.2,"Rain, Partially cloudy"
20-07-2020,95,80.6,86.2,130.8,88.1,105.3,82.4,88.6,0.594,100,12.5,28,13.9,200,1001.8,65.1,2.2,"Rain, Partially cloudy"
21-07-2020,89.6,78.8,84.7,119.4,78.8,101.6,82.2,92.2,0.655,100,16.67,23,10.3,202.7,1003,70.5,2.2,"Rain, Partially cloudy"
22-07-2020,89.6,78.8,83.4,115.2,78.8,96,80.7,91.9,0.17,100,16.67,16.8,6.9,189.8,1002.6,75.3,2,"Rain, Partially cloudy"
23-07-2020,84.2,76.5,80.7,100.7,76.5,88.4,78.9,94.2,1.75,100,12.5,18.6,6.9,212.1,1002.1,75.5,2,"Rain, Partially cloudy"
24-07-2020,89.6,82,84.4,119.4,92.5,100.7,82,92.5,0.01,100,8.33,17.2,9.2,151.9,1004.7,64,2.3,"Rain, Partially cloudy"
25-07-2020,95,80.4,87.3,128.5,87.7,106.7,82.2,85.5,0,0,0,15.2,10.3,180.3,1006.1,47,2.3,Partially cloudy
26-07-2020,96.8,83.8,89.2,136.3,97.6,113.3,83.6,84.1,0,0,0,13.2,8.1,190.8,1005,53.4,2.4,Partially cloudy
27-07-2020,95,83.8,87,139.4,97,109.4,83.8,90.6,0.489,100,8.33,12.8,6.9,182.2,1003.2,68.8,2,"Rain, Partially cloudy"
28-07-2020,95,82.4,86,133.6,94.1,105.4,82.7,90.3,0,0,0,16.8,8.1,183.7,1002.9,71.8,2,Partially cloudy
29-07-2020,91.4,78.8,84.6,114.4,78.8,98.3,80.5,87.9,1.389,100,20.83,19.7,9.2,180.9,1003.9,72.2,2.3,"Rain, Partially cloudy"
30-07-2020,95,81.6,88.2,128.5,91.9,109.8,82.9,85,0,0,0,16.8,8.1,175,1004.3,48.3,2.5,Partially cloudy
31-07-2020,96.8,83.4,88.2,131.1,96.6,111.6,83.9,87.7,0.016,100,4.17,15.2,9.2,163.7,1003.2,51.4,2.6,"Rain, Partially cloudy"
01-08-2020,96.8,83.8,89.8,139.4,99,116.1,84.5,84.7,0.242,100,12.5,13.4,9.2,196.6,1001.5,51.9,2.4,"Rain, Partially cloudy"
02-08-2020,96.8,85.7,90.3,136.3,105.2,118.2,85,84.9,0.415,100,4.17,13,6.9,192.7,998.7,60.1,2.5,"Rain, Partially cloudy"
03-08-2020,98.6,84.6,90.6,142.1,103.1,121.5,86.1,87.1,0.674,100,12.5,12.8,6.9,247.9,994.6,63.6,2.1,"Rain, Partially cloudy"
04-08-2020,86,77,81.8,107.9,77,91.3,80.2,95.1,0.768,100,16.67,21.9,11.4,359.7,991.5,81.6,1.8,"Rain, Partially cloudy"
05-08-2020,86,80.6,82.7,107.9,88.1,95.4,81.1,95,0.485,100,16.67,22.1,16.6,103,992.7,76.6,2,"Rain, Partially cloudy"
06-08-2020,86,79.4,82.4,107.9,79.4,94.1,80.7,94.6,1.154,100,12.5,24.4,9.2,114.2,999.7,70.3,2.2,"Rain, Partially cloudy"
07-08-2020,91.4,81.4,86.2,127.6,90.8,107.2,83.4,91.6,0,0,0,19.9,9.2,164.5,1001.2,57.5,2.5,Partially cloudy
08-08-2020,95,83,87,133.6,96.1,110.1,84.1,91.3,0.475,100,12.5,17.2,8.1,141.9,999.4,58.4,2.3,"Rain, Partially cloudy"
09-08-2020,93.2,81.5,86,122.7,91.3,104.1,82.2,88.7,0.128,100,4.17,20.6,9.2,138.9,999.2,58.7,2.3,"Rain, Partially cloudy"
10-08-2020,93.2,82.4,87.4,121.2,94.1,108,82.9,86.9,0.102,100,8.33,19.2,11.4,136.8,999.9,56.4,2.5,"Rain, Partially cloudy"
11-08-2020,93.2,83.4,88.1,130.8,98.2,112.7,84.3,88.6,0,0,0,16.6,8.1,168.5,999.6,58.8,2.3,Partially cloudy
12-08-2020,95,84,88.6,133.6,98.3,113.5,84.2,87,0,0,0,17.9,11.4,142.9,999.4,46.8,2.5,Partially cloudy
13-08-2020,95,81.7,88.1,133.6,91.5,110.8,83.4,86.4,0.02,100,8.33,23.3,12.8,122.1,998.1,48.6,2.4,"Rain, Partially cloudy"
14-08-2020,91.4,82.4,85.9,122.7,94.1,104.6,82.5,89.9,0.175,100,12.5,27.7,13.9,85.6,995.7,57.4,2.3,"Rain, Partially cloudy"
15-08-2020,89.6,82.4,85,119.4,93.9,103,82.6,92.6,0.229,100,12.5,18.6,15,98.6,994.1,72.8,2.2,"Rain, Partially cloudy"
16-08-2020,91.4,82.2,86.3,118.3,93.3,104.6,82.1,87.6,0.013,100,8.33,21,11.4,155.1,996.4,70.8,2.5,"Rain, Partially cloudy"
17-08-2020,87.8,80.6,83.8,111.8,88.1,98.6,81.5,92.8,0.142,100,20.83,18.1,6.9,157.2,998,70.5,2.4,"Rain, Partially cloudy"
18-08-2020,89.6,79.8,83.8,119.4,79.8,98.9,81.6,93,0.584,100,8.33,15,13.9,157.1,998.3,72.4,2.2,"Rain, Partially cloudy"
19-08-2020,89.6,80.1,82.6,119.4,86.9,94.9,80.6,93.6,0.728,100,16.67,23.7,15,87,995.9,75.6,2.1,"Rain, Partially cloudy"
20-08-2020,84.2,79.9,81.5,100.7,79.9,90.8,79.7,94.5,1.893,100,29.17,32.9,13.9,113.4,998.3,79.1,2,"Rain, Partially cloudy"
21-08-2020,82.4,78.8,80.9,94.1,78.8,88.2,79.4,95.2,1.172,100,16.67,26.2,11.4,144.4,1003.2,72.9,2.1,"Rain, Partially cloudy"
22-08-2020,89.6,78.8,83.2,111.8,78.8,94.6,80.1,90.8,0.245,100,16.67,17.7,10.3,170.8,1004,76.8,2,"Rain, Partially cloudy"
23-08-2020,91.4,80.4,84.3,122.7,87.8,100.2,81.7,92.1,0.018,100,8.33,10.3,8.1,214.6,1002.9,76.7,1.9,"Rain, Partially cloudy"
24-08-2020,93.2,79.6,84,125.7,79.6,98.8,81.3,92,0.945,100,12.5,12.8,6.9,332.2,1001.8,66.7,2.1,"Rain, Partially cloudy"
25-08-2020,95,81.6,86.4,128.5,91.5,104.5,82.1,87.8,0.173,100,4.17,21,17.2,14.5,1000.6,65.5,2.1,"Rain, Partially cloudy"
26-08-2020,86.1,80,81.9,107.9,80,92.3,80,94.1,0.664,100,16.67,25.7,13.9,87.3,998.8,74.7,1.9,"Rain, Partially cloudy"
27-08-2020,84.4,78.8,81.2,100.7,78.8,89.1,79.7,95.3,1.377,100,29.17,29.3,13.9,146.2,1001.7,74.2,1.7,"Rain, Partially cloudy"
28-08-2020,91.4,79.6,84.9,114.4,79.6,100,81.2,88.9,0.428,100,12.5,24.2,9.2,184.2,1002.4,57.7,2.2,"Rain, Partially cloudy"
29-08-2020,95,82,88,133.6,93,110.1,83.2,86.4,0,0,0,19.5,11.4,189.9,1003.4,48.2,2.4,Partially cloudy
30-08-2020,96.9,84.2,90,131.5,100.3,115.3,84.1,83.7,0,0,0,15,9.2,233,1003.7,59.9,2.4,Partially cloudy
31-08-2020,96.9,85.5,90.8,136.7,105,118.5,84.8,83.4,0,0,0,14.3,9.2,260.3,1003.9,59.9,2.3,Partially cloudy
01-09-2020,87.8,77,81.4,111.8,77,89.1,79.2,93.3,0.753,100,16.67,12.5,11.4,220.1,1005,70.9,1.9,"Rain, Partially cloudy"
02-09-2020,87.8,77,81.3,111.8,77,89.8,79.1,92.9,0.455,100,8.33,21,6.3,158.9,1006.9,53.6,2.1,"Rain, Partially cloudy"
03-09-2020,93.2,80.2,86.1,117.1,87.1,102.3,81,85.4,0.064,100,4.17,16.6,9.2,160.7,1008.1,39.8,2.6,"Rain, Partially cloudy"
04-09-2020,93.2,81.2,86.8,125.7,90.3,106.9,82.8,88.4,0.01,100,4.17,15,6.9,179.2,1006.6,50.2,2.4,"Rain, Partially cloudy"
05-09-2020,95,83.2,88.3,128.5,96.4,109.1,82.5,83.8,0.006,100,4.17,17.2,10.3,196.7,1004.9,43.9,2.5,"Rain, Partially cloudy"
06-09-2020,96.8,83.8,88.8,136.3,98.3,111.8,83.4,84.8,0,0,0,20.4,12.8,187.1,1004.2,45.5,2.5,Partially cloudy
07-09-2020,95,84.3,88.7,128.5,98.6,111.4,83.2,84.1,0,0,0,19.9,13.9,194.3,1004.7,51.1,2.5,Partially cloudy
08-09-2020,95,82.1,87.6,133.6,92.3,109.4,83.3,87.3,1.95,100,8.33,17.2,11.4,196,1005.2,65,2.2,"Rain, Partially cloudy"
09-09-2020,95,80.8,88,123.9,89,108.3,82.4,84.3,0,0,0,15.4,9.2,197.8,1004.3,55.2,2.4,Partially cloudy
10-09-2020,92,80.6,86.2,122.7,88.1,106.3,83,90.5,0.029,100,4.17,16.6,10.3,194.1,1002.4,65.7,2.1,"Rain, Partially cloudy"
11-09-2020,95,82.2,87.5,128.5,92.4,108.7,83.1,87.3,0.004,100,4.17,17.2,10.3,165.1,1003.4,41,2.4,"Rain, Partially cloudy"
12-09-2020,93.2,82.4,86.6,125.7,93.5,106.5,82.7,88.5,0,0,0,15.4,8.1,157,1005.7,47.2,2.4,Partially cloudy
13-09-2020,95,82.4,87.8,133.6,92.4,109.3,82.7,85.2,0.009,100,8.33,16.1,8.1,158.6,1005.9,46.7,2.5,"Rain, Partially cloudy"
14-09-2020,95,83.4,88.5,128.5,97.2,111.1,83.2,84.9,0.001,100,4.17,16.1,11.4,159.6,1005,49.2,2.6,"Rain, Partially cloudy"
15-09-2020,93.2,82.4,85.9,119.4,96.1,103.3,81.8,88.1,0.064,100,4.17,16.3,6.9,172.7,1004.5,53.9,2.4,"Rain, Partially cloudy"
16-09-2020,96.8,82.2,88.4,131.1,93.2,110.6,83.2,85.3,0.132,100,4.17,19,12.8,171.9,1004.2,45.1,2.4,"Rain, Partially cloudy"
17-09-2020,95,84.2,89.2,133.6,100.2,114.3,84.2,85.8,0,0,0,17.2,12.8,181,1003.4,52.3,2.5,Partially cloudy
18-09-2020,96.8,82.4,87.7,131.1,92.4,108.9,82.9,86.5,0.001,100,4.17,12.3,9.2,200.4,1002.3,50.8,2.2,"Rain, Partially cloudy"
19-09-2020,96.8,80.6,88.8,131.1,88.1,111.4,82.9,83.4,0,0,0,11.6,6.9,1.4,1000,40.9,2.5,Partially cloudy
20-09-2020,91.4,78.8,85.7,122.7,78.8,104.2,82.5,90.4,0.114,100,8.33,13.9,10.3,73.4,998.2,65.2,2.3,"Rain, Partially cloudy"
21-09-2020,86.6,80.6,83.8,107.9,89.3,98.6,81.5,92.8,0.123,100,12.5,18.6,10.3,95.1,998,68.6,2.3,"Rain, Partially cloudy"
22-09-2020,89.6,80.6,84.2,119.4,88.1,100,81.9,92.9,0.032,100,8.33,24.8,9.2,153.9,1000.8,65.5,2.1,"Rain, Partially cloudy"
23-09-2020,86,78.8,82.6,107.9,78.8,94.7,80.9,94.5,1.212,100,12.5,23.5,9.2,162.4,1003.7,68.9,2.3,"Rain, Partially cloudy"
24-09-2020,91.4,81.2,85,124.2,90.2,103.4,82.7,92.9,0.152,100,4.17,19.5,9.2,183.5,1004.6,70.1,2,"Rain, Partially cloudy"
25-09-2020,89.6,81.6,84,119.4,91.1,99.4,81.8,93.1,0.415,100,8.33,24.2,11.4,204.5,1002.7,68,2,"Rain, Partially cloudy"
26-09-2020,91.4,81.2,83.6,122.7,89.9,98,81.3,92.9,0.009,100,8.33,20.1,8.1,165.1,1002.2,65.9,2.1,"Rain, Partially cloudy"
27-09-2020,95,77.7,86.4,123.9,77.7,101.7,80.6,83.9,0.01,100,4.17,11.9,6.9,183.9,1003.4,42.7,2.5,"Rain, Partially cloudy"
28-09-2020,95,83,86.9,128.5,96.2,107.6,83.1,88.8,0.702,100,4.17,9.8,4.7,152.9,1004,56.6,1.9,"Rain, Partially cloudy"
29-09-2020,95,81.5,88.2,128.5,91.3,110.2,83.2,85.6,0.176,100,8.33,10.3,6.9,96.1,1003.5,51.4,2.4,"Rain, Partially cloudy"
30-09-2020,95,81.8,87.2,128.5,92,106.5,82.1,85.5,0,0,0,13.9,8.1,108.3,1002.8,58.3,2.3,Partially cloudy
01-10-2020,93.2,80.6,85.5,125.7,88.1,100.9,80.6,85.9,0.064,100,4.17,19.5,9.2,92.8,1002.3,59.4,2.5,"Rain, Partially cloudy"
02-10-2020,91.4,80.6,85.2,118.3,88.1,101.5,81.5,88.9,0.674,100,20.83,17,9.2,105.1,1003.5,54.9,2.4,"Rain, Partially cloudy"
03-10-2020,89.6,80.6,84,119.4,88.1,98.2,80.9,90.8,0.109,100,8.33,16.8,6.9,118.5,1004.6,56.3,2.3,"Rain, Partially cloudy"
04-10-2020,91.4,78.8,83.8,118.3,78.8,97.6,80.9,91.3,0.255,100,4.17,19,9.2,111.9,1005,49.1,2.2,"Rain, Partially cloudy"
05-10-2020,89.3,80.6,83.1,114.3,88.1,95.9,80.5,92,0.131,100,8.33,15.9,12.8,136,1005,55.5,2.1,"Rain, Partially cloudy"
06-10-2020,91.4,80.6,84.5,122.7,88.1,99.2,80.8,89.2,0.005,100,8.33,18.3,15,153.5,1006,58.6,2.2,"Rain, Partially cloudy"
07-10-2020,89.6,81.3,84.9,115.2,90.4,101.3,81.6,89.8,0.142,100,12.5,17.4,11.4,162.5,1007.2,52.6,2.3,"Rain, Partially cloudy"
08-10-2020,93.2,80.2,85.9,125.7,86.9,104.1,82.1,88.5,0.022,100,4.17,11.2,4.7,172.2,1007.4,57.9,2.3,"Rain, Partially cloudy"
09-10-2020,95,81.3,86.1,123.9,90.1,104.9,82.5,89.5,0.21,100,8.33,10.1,5.8,349,1007.1,50.3,2.1,"Rain, Partially cloudy"
10-10-2020,95,82.2,86.8,128.5,93.8,106.5,82.7,88.1,0.034,100,8.33,13.2,5.8,27.4,1005.9,50,2.2,"Rain, Partially cloudy"
11-10-2020,96.8,81.2,86.7,136.3,90.2,104.6,81.6,85.5,0,0,0,12.5,8.1,350.9,1004.9,52,2.1,Partially cloudy
12-10-2020,96.8,81.4,87.9,131.1,90.8,107.1,81.8,83,0,0,0,14.5,6.9,37.8,1003.8,43.4,2.2,Partially cloudy
13-10-2020,96.8,81.1,88.9,133.6,90,109.4,82.1,81.4,0,0,0,19.5,8.1,126.3,1004.3,40,2.2,Partially cloudy
14-10-2020,95,82.4,87.4,128.5,93.5,105.8,81.5,83.6,0.006,100,4.17,20.8,9.2,116.5,1005.4,44.5,2.5,"Rain, Partially cloudy"
15-10-2020,95,80.6,87,123.9,88.1,103.1,80.5,81.8,0.002,100,4.17,20.1,9.2,112.4,1005.4,36.5,2.6,"Rain, Partially cloudy"
16-10-2020,95,81.6,86.2,128.5,90.6,101.7,80.3,83.2,1.82,100,8.33,13.2,9.2,27.8,1005.2,39.3,2.1,"Rain, Partially cloudy"
17-10-2020,95,81.2,87.4,117.1,89.6,103.3,80.2,79.9,0,0,0,14.1,6.9,19.9,1005.5,44.5,2.3,Partially cloudy
18-10-2020,89.6,81.9,85.4,111.4,90.1,100.3,80.4,85.2,0,0,0,14.1,6.9,113.3,1006.1,49.4,2,Partially cloudy
19-10-2020,91.4,80.6,84.6,114.4,87.1,96.9,79.1,83.9,0,0,0,12.8,6.9,290.1,1005.9,66,2,Partially cloudy
20-10-2020,93.2,80.6,85.7,111.4,88.1,97.8,78.5,80.2,0,0,0,16.3,9.2,57.1,1005.8,42.1,2.1,Partially cloudy
21-10-2020,90,78.8,83.2,105.2,78.8,92,77.9,84.6,0,0,0,23,11.4,95.9,1006.3,55.1,2.6,Partially cloudy
22-10-2020,80.1,75.2,77.9,85.7,75.2,78.3,75.1,91.1,0.026,100,8.33,21,11.4,60.8,1004.2,81.6,2.1,"Rain, Partially cloudy"
23-10-2020,80.6,73.4,76.4,87.1,73.4,76.6,74.3,93.4,0.011,100,8.33,27.3,11.4,345.5,1001.9,91,2.1,"Rain, Overcast"
24-10-2020,86.7,75.2,80.2,97.2,75.2,84.4,75,84.7,0,0,0,21.3,9.2,309.3,1005.6,65.3,2.4,Partially cloudy
25-10-2020,89.6,77,82.5,108.1,77,89.5,76.4,82.3,0,0,0,11.9,5.8,328.4,1009.2,57.7,2.1,Partially cloudy
26-10-2020,91.4,75.2,82.3,99.9,75.2,84.7,70.8,71.5,0,0,0,10.7,8.1,318.9,1010,15.8,2.1,Clear
27-10-2020,91.4,71.6,80.9,94.3,71.6,82.1,67.5,66.1,0,0,0,13.4,6.9,347.3,1009.2,4.8,2.2,Clear
28-10-2020,88.4,73.4,80.6,95.9,73.4,83.4,70.2,71.4,0,0,0,15,6.9,343.8,1009.9,7.9,1.9,Clear
29-10-2020,89.7,73.5,82.4,102.6,73.5,88.6,73.9,76.2,0,0,0,15.2,8.1,341.6,1009.7,15.1,2.4,Clear
30-10-2020,91.4,75.2,83.3,105.1,75.2,89.8,73.8,73.8,0,0,0,19.9,10.3,330.4,1008.2,5.4,2.4,Clear
31-10-2020,103.9,76.7,82.5,124.7,76.7,89.4,75.2,79.5,0.032,100,4.17,13.9,6.9,18.6,1009,57.4,2,"Rain, Partially cloudy"
01-11-2020,88.6,75.2,81.8,102.4,75.2,88.5,76.9,85.5,0,0,0,17.2,6.9,67.3,1009.9,51.4,2.3,Partially cloudy
02-11-2020,89.7,75.2,82.2,102.6,75.2,88.6,75.8,81.9,0,0,0,18.6,9.2,18.7,1011,34.8,2.4,Partially cloudy
03-11-2020,89.6,75.9,81.5,102.6,75.9,85.1,72,73.8,0,0,0,14.8,8.1,342.9,1011.4,11.4,1.8,Clear
04-11-2020,86.1,71.6,78.8,84.8,71.6,78.5,59.7,54.3,0,0,0,13.9,11.4,347.2,1011.3,35.8,1.9,Partially cloudy
05-11-2020,87.8,68,77.6,86.6,68,77.4,60.4,58.1,0,0,0,10.7,5.8,67.1,1012.8,11.9,2,Clear
06-11-2020,87.8,64.4,76.2,86.3,64.4,75.9,59.8,60.1,0,0,0,10.5,6.9,15.1,1014.7,1.5,1.8,Clear
07-11-2020,84.2,64.4,74,83.1,64.4,73.8,58.8,61.5,0,0,0,17.2,10.3,1.3,1015,0.2,1.7,Clear
08-11-2020,86,64.4,74.6,86.1,64.4,74.6,61.8,66.6,0,0,0,17,6.9,353.1,1014.4,0,2,Clear
09-11-2020,87.8,64.4,76.3,88.5,64.4,76.6,63.4,67.1,0,0,0,13.6,8.1,20.6,1013.2,1.4,2.1,Clear
10-11-2020,89.6,68,78.5,96.4,68,80.4,67.3,69.8,0,0,0,15.9,6.9,24.5,1012.6,10.4,2.3,Clear
11-11-2020,90.2,71.6,80.4,94.9,71.6,81.8,66.5,64.2,0,0,0,14.5,9.2,22.1,1014,8.9,2.5,Clear
12-11-2020,87.9,69.8,78.3,89.5,69.8,79.1,64.7,64.3,0,0,0,15.9,11.4,357.6,1014.4,46.3,2.3,Partially cloudy
13-11-2020,89.6,68,78.5,91.2,68,79.1,63.8,62.8,0,0,0,16.8,9.2,6.3,1013.4,25.9,2.3,Partially cloudy
14-11-2020,88,68,77.7,88.5,68,78.1,62.1,60.1,0,0,0,17.7,10.3,359.4,1012.8,0.6,2.1,Clear
15-11-2020,87.8,66.2,77.3,87.1,66.2,77.5,62,61.4,0,0,0,18.6,12.8,348.4,1012.9,0,2.2,Clear
16-11-2020,87.8,66.2,77.5,89.3,66.2,78,62.3,61.2,0,0,0,14.3,9.2,333.4,1012.6,2.9,2.3,Clear
17-11-2020,86,69.8,77.1,88.4,69.8,77.9,64.5,66.1,0,0,0,15.4,8.1,349.2,1011.8,0.9,2,Clear
18-11-2020,87.8,69.8,78.1,88.5,69.8,78.7,66.2,68.8,0,0,0,15,4.7,50.8,1012,17.1,1.6,Clear
19-11-2020,87.8,71.6,79.8,94.2,71.6,82.2,70.7,74.6,0.002,100,4.17,13.2,8.1,231.3,1011.4,14.7,1.8,Rain
20-11-2020,88.1,73.4,81.1,97.8,73.4,84.5,72.9,77,0,0,0,15.4,5.8,287.5,1011.1,31.5,1.8,Partially cloudy
21-11-2020,78.8,69.8,74.7,78.8,69.8,74.7,71.3,89.5,0.992,100,8.33,18.1,9.2,309.1,1011.9,66.5,1.2,"Rain, Partially cloudy"
22-11-2020,79.1,64.4,71.2,79.1,64.4,71.2,56.6,62.9,0,0,0,18.1,11.4,352.5,1014.6,6,2,Clear
23-11-2020,78.8,57.2,67.9,78.8,57.2,67.9,53,62.1,0,0,0,17.4,9.2,1.4,1015.2,0,2,Clear
24-11-2020,78.1,59,67.9,78.1,59,67.9,57.8,71.3,0,0,0,17.2,6.9,353,1014.4,36.8,1.9,Partially cloudy
25-11-2020,80.6,60.8,69.5,81.5,60.8,69.6,60.4,74.2,0,0,0,15.2,8.1,3,1014.3,46.3,1.9,Partially cloudy
26-11-2020,77.8,62.6,70.2,77.8,62.6,70.2,62.7,77.9,0,0,0,15,5.8,350.7,1014.7,71.3,1.7,Partially cloudy
27-11-2020,80.7,66.2,72.2,81.7,66.2,72.3,62.4,72.1,0,0,0,18.1,9.2,342.9,1015.7,73.2,2.1,Partially cloudy
28-11-2020,82.5,62.6,72.1,82.9,62.6,72.2,59.7,66.4,0,0,0,17.7,10.3,344.5,1015.9,23.8,2.1,Partially cloudy
29-11-2020,82,60.8,70.5,81.4,60.8,70.5,58.2,67.6,0,0,0,17.7,8.1,354.3,1015.2,0,2,Clear
30-11-2020,81.6,60.8,70.7,81.2,60.8,70.7,56.4,62.9,0,0,0,16.3,8.1,355.1,1014.7,0,2,Clear
01-12-2020,82.4,60.8,70.4,81.7,60.8,70.3,56.7,64.3,0,0,0,13.4,6.9,342.1,1014.8,0.1,1.7,Clear
02-12-2020,80.7,60.8,70.9,81.5,60.8,71,58.8,66.9,0,0,0,13,6.9,322.5,1013.3,1.4,1.8,Clear
03-12-2020,84.2,60.8,70.7,83.9,60.8,70.7,59,69.1,0,0,0,9.4,3.4,334.3,1012.8,0.2,1.5,Clear
04-12-2020,82.4,60.8,71.6,82.9,60.8,71.8,61.1,71.8,0,0,0,9.6,4.7,246.5,1012,0,1.5,Clear
05-12-2020,82.4,60.8,71.5,82.9,60.8,71.7,61.6,73.2,0,0,0,11.2,4.6,276.5,1012.8,0,1.4,Clear
06-12-2020,84.2,62.6,72.6,85,62.6,72.9,63,73.8,0,0,0,10.5,4.7,290.4,1014.5,0,1.5,Clear
07-12-2020,84.2,64.4,73.6,85,64.4,73.7,63.1,72.2,0,0,0,11,5.8,266.9,1015.1,0.7,1.7,Clear
08-12-2020,76.7,60.8,68,76.7,60.8,68,64.3,88.3,0,0,0,11.6,4.7,354.6,1015,26.4,0.9,Partially cloudy
09-12-2020,77.3,59,67.4,77.3,59,67.4,64.1,89.4,0,0,0,16.6,4.7,2.4,1013.7,27,0.7,Partially cloudy
10-12-2020,79,60.8,67.7,79,60.8,67.7,63.6,87.6,0,0,0,16.1,5.8,341.2,1013.2,31.2,0.9,Partially cloudy
11-12-2020,69.8,59,63.9,69.8,59,63.9,61.4,91.9,0,0,0,13.4,4.9,355.8,1014,60.3,0.7,Partially cloudy
12-12-2020,74.9,57.2,64.8,74.9,57.2,64.8,59.6,83.9,0,0,0,15,9.2,352.4,1013.1,0.1,1.3,Clear
13-12-2020,79.9,59,69.2,79.9,59,69.2,62.1,79.3,0,0,0,15.7,9.2,335.2,1012,2.8,1.3,Clear
14-12-2020,79.6,60.8,70.3,79.6,60.8,70.3,61.5,75.2,0,0,0,17,8.1,4.3,1013.4,0,1.6,Clear
15-12-2020,79,62.6,70.5,79,62.6,70.5,59.5,69.7,0,0,0,16.8,8.1,2.3,1015.3,20.9,1.8,Partially cloudy
16-12-2020,79.7,62.6,70.6,79.7,62.6,70.6,58.5,66.9,0,0,0,15.2,9.2,7.4,1015.6,7.4,1.9,Clear
17-12-2020,76.7,60.8,68.4,76.7,60.8,68.4,57.6,69.8,0,0,0,17.2,9.2,0.1,1015.2,0,1.6,Clear
18-12-2020,73.5,57.2,64.8,73.5,57.2,64.8,53.4,68.1,0,0,0,20.8,11.4,359.6,1015.7,0,1.8,Clear
19-12-2020,70.9,53.6,60.6,70.9,53.6,60.6,47.3,63.3,0,0,0,19.2,4.7,347.5,1016.9,0,1.9,Clear
20-12-2020,71.6,51.8,60.3,71.6,51.8,60.3,48.1,66,0,0,0,19.2,5.8,352,1016.1,0,1.8,Clear
21-12-2020,72.5,51.8,61.7,72.5,51.8,61.7,52,71.5,0,0,0,15.2,3.4,346.3,1014.3,0,1.4,Clear
22-12-2020,73.5,53.6,62.7,73.5,53.6,62.7,54.3,75.6,0,0,0,13,3.4,354.9,1013.5,0,1.3,Clear
23-12-2020,75.3,53.6,64,75.3,53.6,64,55.4,75.4,0,0,0,14.1,4.7,358.6,1013,0,1.4,Clear
24-12-2020,76.6,55.4,66.2,76.6,55.4,66.2,56.5,73,0,0,0,15.4,4.7,7.3,1012.9,43.8,1.7,Partially cloudy
25-12-2020,76.3,55.4,64.8,76.3,55.4,64.8,54.8,72.1,0,0,0,15.9,3.4,341.1,1013.3,0,1.7,Clear
26-12-2020,74.5,53.6,63.1,74.5,53.6,63.1,50.7,66.8,0,0,0,16.8,6.9,353.2,1014.5,0,1.6,Clear
27-12-2020,74.5,51.8,62.4,74.5,51.8,62.4,48.2,62.2,0,0,0,16.6,4.7,345.7,1013.3,0,1.7,Clear
28-12-2020,74.8,51.8,62.6,74.8,51.8,62.6,50.7,67.9,0,0,0,14.1,4.7,331.5,1013.2,0,1.5,Clear
29-12-2020,76.3,51.8,62.9,76.3,51.8,62.9,51.7,69.6,0,0,0,15.4,3.4,355.9,1013.6,0,1.5,Clear
30-12-2020,76.3,53.6,64.2,76.3,53.6,64.2,52.7,68.1,0,0,0,20.6,6.4,354.1,1014.7,0,1.7,Clear
31-12-2020,76.3,55.4,64.3,76.3,55.4,64.3,50.6,63.4,0,0,0,20.8,8.1,340.6,1014.9,2.1,1.7,Clear
